name,t_cases,n_cases,t_deaths,n_deaths,t_recovered,active_cases,serious_condition,n_test,Continent,last_updated_on_website,time_date_now
World,"1,983,219","+59,371","125,145","+5,527","466,606","1,391,468","50,943",,All,"April 14, 2020, 19:07 GMT",2020-04-14 22:53:07.096600
North America,"645,389","+18,325","26,828","+1,716","49,057","569,504","13,935",,North America,"April 14, 2020, 19:07 GMT",2020-04-14 22:53:07.096600
Asia,"321,049","+10,809","11,721",+370,"155,669","153,659","6,475",,Asia,"April 14, 2020, 19:07 GMT",2020-04-14 22:53:07.096600
Italy,"162,488","+2,972","21,067 ",+602,"37,130","104,291","3,186","1,073,689",Europe,"April 14, 2020, 19:07 GMT",2020-04-14 22:53:07.096600
Germany,"131,359","+1,287","3,294 ",+100,"68,200","59,865","4,288","1,317,887",Europe,"April 14, 2020, 19:07 GMT",2020-04-14 22:53:07.096600
China,"82,249",+89,"3,341 ",,"77,738","1,170",116,,Asia,"April 14, 2020, 19:07 GMT",2020-04-14 22:53:07.096600
Turkey,"65,111","+4,062","1,403 ",+107,"4,799","58,909","1,809","443,626",Asia,"April 14, 2020, 19:07 GMT",2020-04-14 22:53:07.096600
Belgium,"31,119",+530,"4,157 ",+254,"6,868","20,094","1,223","102,151",Europe,"April 14, 2020, 19:07 GMT",2020-04-14 22:53:07.096600
Canada,"26,897","+1,217",898 ,+118,"8,172","17,827",557,"437,475",North America,"April 14, 2020, 19:07 GMT",2020-04-14 22:53:07.096600
Brazil,"24,232",+802,"1,378 ",+50,"3,046","19,808",296,"62,985",South America,"April 14, 2020, 19:07 GMT",2020-04-14 22:53:07.096600
Portugal,"17,448",+514,567 ,+32,347,"16,534",218,"182,707",Europe,"April 14, 2020, 19:07 GMT",2020-04-14 22:53:07.096600
Austria,"14,226",+185,384 ,+16,"7,633","6,209",243,"151,796",Europe,"April 14, 2020, 19:07 GMT",2020-04-14 22:53:07.096600
India,"11,487","+1,034",393 ,+35,"1,359","9,735",,"206,212",Asia,"April 14, 2020, 19:07 GMT",2020-04-14 22:53:07.096600
Sweden,"11,445",+497,"1,033 ",+114,381,"10,031",915,"54,700",Europe,"April 14, 2020, 19:07 GMT",2020-04-14 22:53:07.096600
Peru,"10,303",+519,230 ,+14,"2,869","7,204",132,"102,216",South America,"April 14, 2020, 19:07 GMT",2020-04-14 22:53:07.096600
Oceania,"7,857",+58,70,+4,"4,227","3,560",85,,Australia/Oceania,"April 14, 2020, 19:07 GMT",2020-04-14 22:53:07.096600
Ecuador,"7,603",+74,355 ,,696,"6,552",121,"25,347",South America,"April 14, 2020, 19:07 GMT",2020-04-14 22:53:07.096600
Romania,"6,879",+246,351 ,+20,"1,051","5,477",241,"70,097",Europe,"April 14, 2020, 19:07 GMT",2020-04-14 22:53:07.096600
Denmark,"6,511",+193,299 ,+14,"2,515","3,697",100,"74,210",Europe,"April 14, 2020, 19:07 GMT",2020-04-14 22:53:07.096600
Czechia,"6,111",+52,161 ,+18,642,"5,308",92,"131,542",Europe,"April 14, 2020, 19:07 GMT",2020-04-14 22:53:07.096600
Saudi Arabia,"5,369",+435,73 ,+8,889,"4,407",59,"150,000",Asia,"April 14, 2020, 19:07 GMT",2020-04-14 22:53:07.096600
Mexico,"5,014",+353,332 ,+36,"1,964","2,718",207,"37,395",North America,"April 14, 2020, 19:07 GMT",2020-04-14 22:53:07.096600
UAE,"4,933",+412,28 ,+3,933,"3,972",1,"648,195",Asia,"April 14, 2020, 19:07 GMT",2020-04-14 22:53:07.096600
Serbia,"4,465",+411,94 ,+9,400,"3,971",131,"23,398",Europe,"April 14, 2020, 19:07 GMT",2020-04-14 22:53:07.096600
Qatar,"3,428",+197,7  ,,373,"3,048",37,"52,622",Asia,"April 14, 2020, 19:07 GMT",2020-04-14 22:53:07.096600
Luxembourg,"3,307",+15,67 ,,500,"2,740",30,"29,523",Europe,"April 14, 2020, 19:07 GMT",2020-04-14 22:53:07.096600
Belarus,"3,281",+362,33 ,+4,203,"3,045",57,"71,875",Europe,"April 14, 2020, 19:07 GMT",2020-04-14 22:53:07.096600
Finland,"3,161",+97,64 ,+5,300,"2,797",74,"47,290",Europe,"April 14, 2020, 19:07 GMT",2020-04-14 22:53:07.096600
Thailand,"2,613",+34,41 ,+1,"1,405","1,167",61,"100,498",Asia,"April 14, 2020, 19:07 GMT",2020-04-14 22:53:07.096600
Egypt,"2,350",+160,178 ,+14,589,"1,583",,"25,000",Africa,"April 14, 2020, 19:07 GMT",2020-04-14 22:53:07.096600
Greece,"2,170",+25,101 ,+2,269,"1,800",76,"48,798",Europe,"April 14, 2020, 19:07 GMT",2020-04-14 22:53:07.096600
Moldova,"1,934",+222,38 ,+3,134,"1,762",80,"6,271",Europe,"April 14, 2020, 19:07 GMT",2020-04-14 22:53:07.096600
Iceland,"1,720",+9,8 ,,989,723,8,"36,339",Europe,"April 14, 2020, 19:07 GMT",2020-04-14 22:53:07.096600
Bahrain,"1,522",+161,7 ,+1,645,870,3,"69,359",Asia,"April 14, 2020, 19:07 GMT",2020-04-14 22:53:07.096600
Iraq,"1,400",+22,78 ,,766,556,,"45,437",Asia,"April 14, 2020, 19:07 GMT",2020-04-14 22:53:07.096600
New Zealand,"1,366",+17,9 ,+4,628,729,4,"64,399",Australia/Oceania,"April 14, 2020, 19:07 GMT",2020-04-14 22:53:07.096600
Kazakhstan,"1,232",+141,14 ,+2,203,"1,015",21,"76,904",Asia,"April 14, 2020, 19:07 GMT",2020-04-14 22:53:07.096600
Azerbaijan,"1,197",+49,13 ,+1,351,833,25,"71,736",Asia,"April 14, 2020, 19:07 GMT",2020-04-14 22:53:07.096600
Bosnia and Herzegovina,"1,083",+46,40 ,+1,236,807,4,"12,407",Europe,"April 14, 2020, 19:07 GMT",2020-04-14 22:53:07.096600
Armenia,"1,067",+28,16 ,+2,265,786,30,"8,316",Asia,"April 14, 2020, 19:07 GMT",2020-04-14 22:53:07.096600
Bangladesh,"1,012",+209,46 ,+7,42,924,1,"13,128",Asia,"April 14, 2020, 19:07 GMT",2020-04-14 22:53:07.096600
Cameroon,848,,14 ,+2,130,704,,,Africa,"April 14, 2020, 19:07 GMT",2020-04-14 22:53:07.096600
Oman,813,+86,4 ,,130,679,3,,Asia,"April 14, 2020, 19:07 GMT",2020-04-14 22:53:07.096600
Tunisia,747,+21,34 ,,43,670,89,"12,415",Africa,"April 14, 2020, 19:07 GMT",2020-04-14 22:53:07.096600
Afghanistan,714,+49,23 ,+2,40,651,,,Asia,"April 14, 2020, 19:07 GMT",2020-04-14 22:53:07.096600
Diamond Princess,712,,12 ,,639,61,7,,,"April 14, 2020, 19:07 GMT",2020-04-14 22:53:07.096600
Latvia,657,+2,5 ,,16,636,3,"29,018",Europe,"April 14, 2020, 19:07 GMT",2020-04-14 22:53:07.096600
Lebanon,641,+9,21 ,+1,80,540,33,"16,319",Asia,"April 14, 2020, 19:07 GMT",2020-04-14 22:53:07.096600
Ghana,636,+70,8 ,,17,611,2,"44,421",Africa,"April 14, 2020, 19:07 GMT",2020-04-14 22:53:07.096600
Niger,548,,13 ,,86,449,,"4,399",Africa,"April 14, 2020, 19:07 GMT",2020-04-14 22:53:07.096600
Uruguay,483,,8 ,,248,227,15,"9,236",South America,"April 14, 2020, 19:07 GMT",2020-04-14 22:53:07.096600
Channel Islands,440,+4,13 ,+4,48,379,,"3,320",Europe,"April 14, 2020, 19:07 GMT",2020-04-14 22:53:07.096600
Honduras,407,+10,26 ,+1,7,374,10,"1,600",North America,"April 14, 2020, 19:07 GMT",2020-04-14 22:53:07.096600
Taiwan,393,,6 ,,124,263,,"48,549",Asia,"April 14, 2020, 19:07 GMT",2020-04-14 22:53:07.096600
Réunion,391,, ,,40,351,3,,Africa,"April 14, 2020, 19:07 GMT",2020-04-14 22:53:07.096600
Djibouti,363,+65,2 ,,53,308,,"5,356",Africa,"April 14, 2020, 19:07 GMT",2020-04-14 22:53:07.096600
Bolivia,354,+24,28 ,+1,6,320,3,"2,185",South America,"April 14, 2020, 19:07 GMT",2020-04-14 22:53:07.096600
Mauritius,324,,9 ,,51,264,3,"8,279",Africa,"April 14, 2020, 19:07 GMT",2020-04-14 22:53:07.096600
Senegal,299,+8,2 ,,183,114,1,,Africa,"April 14, 2020, 19:07 GMT",2020-04-14 22:53:07.096600
Montenegro,283,+9,4 ,+1,46,233,7,"2,869",Europe,"April 14, 2020, 19:07 GMT",2020-04-14 22:53:07.096600
Isle of Man,254,+12,2 ,,141,111,13,"2,122",Europe,"April 14, 2020, 19:07 GMT",2020-04-14 22:53:07.096600
Sri Lanka,233,+16,7 ,,61,165,1,"4,768",Asia,"April 14, 2020, 19:07 GMT",2020-04-14 22:53:07.096600
Kenya,216,+8,9 ,,41,166,2,"8,123",Africa,"April 14, 2020, 19:07 GMT",2020-04-14 22:53:07.096600
Faeroe Islands,184,, ,,163,21,,"5,602",Europe,"April 14, 2020, 19:07 GMT",2020-04-14 22:53:07.096600
Paraguay,159,+12,7 ,+1,22,130,1,"3,394",South America,"April 14, 2020, 19:07 GMT",2020-04-14 22:53:07.096600
El Salvador,149,+12,6 ,,25,118,2,"7,230",North America,"April 14, 2020, 19:07 GMT",2020-04-14 22:53:07.096600
Mali,144,+21,13 ,+3,34,97,,,Africa,"April 14, 2020, 19:07 GMT",2020-04-14 22:53:07.096600
Rwanda,134,+7, ,,49,85,,"6,237",Africa,"April 14, 2020, 19:07 GMT",2020-04-14 22:53:07.096600
Cambodia,122,, ,,91,31,1,"5,768",Asia,"April 14, 2020, 19:07 GMT",2020-04-14 22:53:07.096600
Madagascar,108,+2, ,,23,85,1,,Africa,"April 14, 2020, 19:07 GMT",2020-04-14 22:53:07.096600
Aruba,92,, ,,32,60,1,"1,154",North America,"April 14, 2020, 19:07 GMT",2020-04-14 22:53:07.096600
Ethiopia,82,+8,3 ,,14,65,,"4,557",Africa,"April 14, 2020, 19:07 GMT",2020-04-14 22:53:07.096600
Togo,77,,3 ,,32,42,,"2,806",Africa,"April 14, 2020, 19:07 GMT",2020-04-14 22:53:07.096600
Barbados,72,,4 ,,13,55,4,839,North America,"April 14, 2020, 19:07 GMT",2020-04-14 22:53:07.096600
Congo,60,,5 ,,5,50,,,Africa,"April 14, 2020, 19:07 GMT",2020-04-14 22:53:07.096600
Liberia,59,,6 ,,4,49,,,Africa,"April 14, 2020, 19:07 GMT",2020-04-14 22:53:07.096600
Gabon,57,,1 ,,1,55,,,Africa,"April 14, 2020, 19:07 GMT",2020-04-14 22:53:07.096600
Cayman Islands,54,,1 ,,6,47,3,580,North America,"April 14, 2020, 19:07 GMT",2020-04-14 22:53:07.096600
Tanzania,53,+4,3 ,,7,43,,,Africa,"April 14, 2020, 19:07 GMT",2020-04-14 22:53:07.096600
Bahamas,49,,8 ,,6,35,1,,North America,"April 14, 2020, 19:07 GMT",2020-04-14 22:53:07.096600
Zambia,45,,2 ,,30,13,1,"1,696",Africa,"April 14, 2020, 19:07 GMT",2020-04-14 22:53:07.096600
Equatorial Guinea,41,+20, ,,4,37,,854,Africa,"April 14, 2020, 19:07 GMT",2020-04-14 22:53:07.096600
Guinea-Bissau,38,, ,,,38,,"1,500",Africa,"April 14, 2020, 19:07 GMT",2020-04-14 22:53:07.096600
Eritrea,34,, ,,,34,,,Africa,"April 14, 2020, 19:07 GMT",2020-04-14 22:53:07.096600
Saint Martin,32,,2 ,,11,19,5,,North America,"April 14, 2020, 19:07 GMT",2020-04-14 22:53:07.096600
Syria,29,+4,2 ,,5,22,,,Asia,"April 14, 2020, 19:07 GMT",2020-04-14 22:53:07.096600
Libya,26,,1 ,,9,16,,545,Africa,"April 14, 2020, 19:07 GMT",2020-04-14 22:53:07.096600
Chad,23,, ,,2,21,,,Africa,"April 14, 2020, 19:07 GMT",2020-04-14 22:53:07.096600
Angola,19,,2 ,,5,12,,,Africa,"April 14, 2020, 19:07 GMT",2020-04-14 22:53:07.096600
Belize,18,,2 ,,,16,1,567,North America,"April 14, 2020, 19:07 GMT",2020-04-14 22:53:07.096600
Zimbabwe,17,,3 ,,,14,,604,Africa,"April 14, 2020, 19:07 GMT",2020-04-14 22:53:07.096600
Nepal,16,+2, ,,1,15,,"6,299",Asia,"April 14, 2020, 19:07 GMT",2020-04-14 22:53:07.096600
Fiji,16,, ,,,16,,,Australia/Oceania,"April 14, 2020, 19:07 GMT",2020-04-14 22:53:07.096600
Saint Lucia,15,, ,,4,11,,,North America,"April 14, 2020, 19:07 GMT",2020-04-14 22:53:07.096600
Curaçao,14,,1 ,,10,3,,230,North America,"April 14, 2020, 19:07 GMT",2020-04-14 22:53:07.096600
Botswana,13,,1 ,,,12,,"3,115",Africa,"April 14, 2020, 19:07 GMT",2020-04-14 22:53:07.096600
St. Vincent Grenadines,12,, ,,1,11,,87,North America,"April 14, 2020, 19:07 GMT",2020-04-14 22:53:07.096600
Falkland Islands,11,+6, ,,1,10,,137,South America,"April 14, 2020, 19:07 GMT",2020-04-14 22:53:07.096600
Montserrat,11,, ,,1,10,1,36,North America,"April 14, 2020, 19:07 GMT",2020-04-14 22:53:07.096600
Sierra Leone,11,+1, ,,,11,,,Africa,"April 14, 2020, 19:07 GMT",2020-04-14 22:53:07.096600
Suriname,10,,1  ,,6,3,,,South America,"April 14, 2020, 19:07 GMT",2020-04-14 22:53:07.096600
MS Zaandam,9,,2 ,,,7,,,,"April 14, 2020, 19:07 GMT",2020-04-14 22:53:07.096600
Nicaragua,9,,1 ,,4,4,,,North America,"April 14, 2020, 19:07 GMT",2020-04-14 22:53:07.096600
Mauritania,7,,1 ,,2,4,,527,Africa,"April 14, 2020, 19:07 GMT",2020-04-14 22:53:07.096600
Timor-Leste,6,+2, ,,1,5,,,Asia,"April 14, 2020, 19:07 GMT",2020-04-14 22:53:07.096600
Burundi,5,,1 ,,,4,,,Africa,"April 14, 2020, 19:07 GMT",2020-04-14 22:53:07.096600
Sao Tome and Principe,4,, ,,,4,,19,Africa,"April 14, 2020, 19:07 GMT",2020-04-14 22:53:07.096600
Anguilla,3,, ,,1,2,,,North America,"April 14, 2020, 19:07 GMT",2020-04-14 22:53:07.096600
Caribbean Netherlands,3,, ,,,3,,10,North America,"April 14, 2020, 19:07 GMT",2020-04-14 22:53:07.096600
Saint Pierre Miquelon,1,, ,,,1,,,North America,"April 14, 2020, 19:07 GMT",2020-04-14 22:53:07.096600
Europe,"934,904","+27,518","83,313","+3,324","243,117","608,474","29,107",,Europe,"April 14, 2020, 19:07 GMT",2020-04-14 22:53:07.096600
USA,"603,496","+16,555","25,195 ","+1,555","38,144","540,157","12,828","3,036,007",North America,"April 14, 2020, 19:07 GMT",2020-04-14 22:53:07.096600
Spain,"172,541","+2,442","18,056 ",+300,"67,504","86,981","7,371","600,000",Europe,"April 14, 2020, 19:07 GMT",2020-04-14 22:53:07.096600
France,"143,303","+6,524","15,729 ",+762,"28,805","98,769","6,730","333,807",Europe,"April 14, 2020, 19:07 GMT",2020-04-14 22:53:07.096600
UK,"93,873","+5,252","12,107 ",+778,N/A,"81,422","1,559","382,650",Europe,"April 14, 2020, 19:07 GMT",2020-04-14 22:53:07.096600
Iran,"74,877","+1,574","4,683 ",+98,"48,129","22,065","3,691","287,359",Asia,"April 14, 2020, 19:07 GMT",2020-04-14 22:53:07.096600
South America,"56,523","+1,829","2,328",+80,"10,587","43,608","1,156",,South America,"April 14, 2020, 19:07 GMT",2020-04-14 22:53:07.096600
Netherlands,"27,419",+868,"2,945 ",+122,250,"24,224","1,358","134,972",Europe,"April 14, 2020, 19:07 GMT",2020-04-14 22:53:07.096600
Switzerland,"25,936",+248,"1,174 ",+36,"13,700","11,062",386,"199,000",Europe,"April 14, 2020, 19:07 GMT",2020-04-14 22:53:07.096600
Russia,"21,102","+2,774",170 ,+22,"1,694","19,238",8,"1,400,000",Europe,"April 14, 2020, 19:07 GMT",2020-04-14 22:53:07.096600
Africa,"16,776",+832,871,+33,"3,310","12,595",178,,Africa,"April 14, 2020, 19:07 GMT",2020-04-14 22:53:07.096600
Israel,"12,046",+460,123 ,+7,"2,195","9,728",175,"117,339",Asia,"April 14, 2020, 19:07 GMT",2020-04-14 22:53:07.096600
Ireland,"11,479",+832,406 ,+41,25,"11,048",194,"90,646",Europe,"April 14, 2020, 19:07 GMT",2020-04-14 22:53:07.096600
S. Korea,"10,564",+27,222 ,+5,"7,534","2,808",55,"527,438",Asia,"April 14, 2020, 19:07 GMT",2020-04-14 22:53:07.096600
Chile,"7,917",+392,92 ,+10,"2,646","5,179",387,"87,794",South America,"April 14, 2020, 19:07 GMT",2020-04-14 22:53:07.096600
Japan,"7,645",+27,143 ,,799,"6,703",135,"78,702",Asia,"April 14, 2020, 19:07 GMT",2020-04-14 22:53:07.096600
Poland,"7,202",+268,263 ,+18,618,"6,321",160,"148,321",Europe,"April 14, 2020, 19:07 GMT",2020-04-14 22:53:07.096600
Norway,"6,623",+20,139 ,+5,32,"6,452",59,"128,569",Europe,"April 14, 2020, 19:07 GMT",2020-04-14 22:53:07.096600
Australia,"6,400",+41,61 ,,"3,598","2,741",80,"366,493",Australia/Oceania,"April 14, 2020, 19:07 GMT",2020-04-14 22:53:07.096600
Pakistan,"5,837",+341,96 ,+3,"1,378","4,363",46,"69,928",Asia,"April 14, 2020, 19:07 GMT",2020-04-14 22:53:07.096600
Philippines,"5,223",+291,335 ,+20,295,"4,593",1,"43,500",Asia,"April 14, 2020, 19:07 GMT",2020-04-14 22:53:07.096600
Malaysia,"4,987",+170,82 ,+5,"2,478","2,427",60,"84,791",Asia,"April 14, 2020, 19:07 GMT",2020-04-14 22:53:07.096600
Indonesia,"4,839",+282,459 ,+60,426,"3,954",,"31,628",Asia,"April 14, 2020, 19:07 GMT",2020-04-14 22:53:07.096600
Panama,"3,472",,94 ,,61,"3,317",106,"15,567",North America,"April 14, 2020, 19:07 GMT",2020-04-14 22:53:07.096600
Ukraine,"3,372",+270,98 ,+5,119,"3,155",45,"35,153",Europe,"April 14, 2020, 19:07 GMT",2020-04-14 22:53:07.096600
Dominican Republic,"3,286",+119,183 ,+6,162,"2,941",143,"9,275",North America,"April 14, 2020, 19:07 GMT",2020-04-14 22:53:07.096600
Singapore,"3,252",+334,10 ,+1,611,"2,631",29,"72,680",Asia,"April 14, 2020, 19:07 GMT",2020-04-14 22:53:07.096600
Colombia,"2,852",,112 ,,319,"2,421",106,"43,053",South America,"April 14, 2020, 19:07 GMT",2020-04-14 22:53:07.096600
South Africa,"2,415",+143,27 ,,410,"1,978",7,"87,022",Africa,"April 14, 2020, 19:07 GMT",2020-04-14 22:53:07.096600
Argentina,"2,277",,102 ,+4,559,"1,616",83,"22,805",South America,"April 14, 2020, 19:07 GMT",2020-04-14 22:53:07.096600
Algeria,"2,070",+87,326 ,+13,691,"1,053",60,"3,359",Africa,"April 14, 2020, 19:07 GMT",2020-04-14 22:53:07.096600
Morocco,"1,888",+125,126 ,,217,"1,545",1,"9,609",Africa,"April 14, 2020, 19:07 GMT",2020-04-14 22:53:07.096600
Croatia,"1,704",+54,31 ,+6,415,"1,258",34,"18,359",Europe,"April 14, 2020, 19:07 GMT",2020-04-14 22:53:07.096600
Hungary,"1,512",+54,122 ,+13,122,"1,268",58,"35,825",Europe,"April 14, 2020, 19:07 GMT",2020-04-14 22:53:07.096600
Estonia,"1,373",+41,31 ,+3,115,"1,227",11,"32,263",Europe,"April 14, 2020, 19:07 GMT",2020-04-14 22:53:07.096600
Kuwait,"1,355",+55,3 ,+1,176,"1,176",26,,Asia,"April 14, 2020, 19:07 GMT",2020-04-14 22:53:07.096600
Slovenia,"1,220",+8,56 ,+1,152,"1,012",35,"35,946",Europe,"April 14, 2020, 19:07 GMT",2020-04-14 22:53:07.096600
Uzbekistan,"1,113",+115,4 ,,99,"1,010",8,"70,000",Asia,"April 14, 2020, 19:07 GMT",2020-04-14 22:53:07.096600
Lithuania,"1,070",+8,29 ,+5,101,940,14,"42,690",Europe,"April 14, 2020, 19:07 GMT",2020-04-14 22:53:07.096600
Hong Kong,"1,013",+3,4 ,,434,575,13,"96,709",Asia,"April 14, 2020, 19:07 GMT",2020-04-14 22:53:07.096600
North Macedonia,908,+54,44 ,+6,86,778,15,"9,262",Europe,"April 14, 2020, 19:07 GMT",2020-04-14 22:53:07.096600
Slovakia,835,+66,2 ,,113,720,5,"30,052",Europe,"April 14, 2020, 19:07 GMT",2020-04-14 22:53:07.096600
Cuba,766,+40,21 ,,132,613,9,"18,634",North America,"April 14, 2020, 19:07 GMT",2020-04-14 22:53:07.096600
,721,,14,,639,68,7,,,"April 14, 2020, 19:07 GMT",2020-04-14 22:53:07.096600
Bulgaria,713,+28,35 ,+3,81,597,29,"18,502",Europe,"April 14, 2020, 19:07 GMT",2020-04-14 22:53:07.096600
Cyprus,695,+33,12 ,,65,618,8,"17,923",Asia,"April 14, 2020, 19:07 GMT",2020-04-14 22:53:07.096600
Andorra,646,,29 ,,128,489,17,"1,673",Europe,"April 14, 2020, 19:07 GMT",2020-04-14 22:53:07.096600
Ivory Coast,638,+12,6 ,,114,518,,,Africa,"April 14, 2020, 19:07 GMT",2020-04-14 22:53:07.096600
Costa Rica,618,+6,3 ,,66,549,14,"8,703",North America,"April 14, 2020, 19:07 GMT",2020-04-14 22:53:07.096600
Burkina Faso,515,,27 ,,161,327,,,Africa,"April 14, 2020, 19:07 GMT",2020-04-14 22:53:07.096600
Albania,475,+8,24 ,+1,248,203,5,"4,306",Europe,"April 14, 2020, 19:07 GMT",2020-04-14 22:53:07.096600
Kyrgyzstan,430,+11,5 ,,71,354,5,"26,147",Asia,"April 14, 2020, 19:07 GMT",2020-04-14 22:53:07.096600
Jordan,397,+6,7 ,,235,155,5,"20,500",Asia,"April 14, 2020, 19:07 GMT",2020-04-14 22:53:07.096600
Malta,393,+9,3 ,,44,346,4,"19,121",Europe,"April 14, 2020, 19:07 GMT",2020-04-14 22:53:07.096600
San Marino,371,,36 ,,53,282,15,846,Europe,"April 14, 2020, 19:07 GMT",2020-04-14 22:53:07.096600
Guinea,363,+44, ,,31,332,,,Africa,"April 14, 2020, 19:07 GMT",2020-04-14 22:53:07.096600
Nigeria,343,,10 ,,91,242,2,"5,000",Africa,"April 14, 2020, 19:07 GMT",2020-04-14 22:53:07.096600
Palestine,308,,2 ,,62,244,,"17,329",Asia,"April 14, 2020, 19:07 GMT",2020-04-14 22:53:07.096600
Georgia,296,+24,3 ,,69,224,6,"3,271",Asia,"April 14, 2020, 19:07 GMT",2020-04-14 22:53:07.096600
Vietnam,266,+1, ,,169,97,8,"121,821",Asia,"April 14, 2020, 19:07 GMT",2020-04-14 22:53:07.096600
DRC,241,+6,20 ,,20,201,,,Africa,"April 14, 2020, 19:07 GMT",2020-04-14 22:53:07.096600
Mayotte,217,+10,3 ,,69,145,3,"1,500",Africa,"April 14, 2020, 19:07 GMT",2020-04-14 22:53:07.096600
Venezuela,189,,9 ,,110,70,6,"203,108",South America,"April 14, 2020, 19:07 GMT",2020-04-14 22:53:07.096600
Guatemala,167,+11,5 ,,19,143,3,"1,134",North America,"April 14, 2020, 19:07 GMT",2020-04-14 22:53:07.096600
Martinique,157,,6 ,,50,101,19,,North America,"April 14, 2020, 19:07 GMT",2020-04-14 22:53:07.096600
Guadeloupe,145,,8 ,,67,70,13,,North America,"April 14, 2020, 19:07 GMT",2020-04-14 22:53:07.096600
Brunei ,136,,1 ,,107,28,2,"10,350",Asia,"April 14, 2020, 19:07 GMT",2020-04-14 22:53:07.096600
Gibraltar,129,, ,,93,36,1,"1,649",Europe,"April 14, 2020, 19:07 GMT",2020-04-14 22:53:07.096600
Trinidad and Tobago,113,,8 ,,17,88,,"1,152",North America,"April 14, 2020, 19:07 GMT",2020-04-14 22:53:07.096600
Monaco,93,,1 ,,6,86,5,,Europe,"April 14, 2020, 19:07 GMT",2020-04-14 22:53:07.096600
French Guiana,86,, ,,51,35,1,,South America,"April 14, 2020, 19:07 GMT",2020-04-14 22:53:07.096600
Liechtenstein,79,,1 ,,55,23,,900,Europe,"April 14, 2020, 19:07 GMT",2020-04-14 22:53:07.096600
Jamaica,73,,4 ,,19,50,,"1,199",North America,"April 14, 2020, 19:07 GMT",2020-04-14 22:53:07.096600
Myanmar,63,+1,4 ,,2,57,,"2,443",Asia,"April 14, 2020, 19:07 GMT",2020-04-14 22:53:07.096600
Somalia,60,,2  ,,2,56,2,,Africa,"April 14, 2020, 19:07 GMT",2020-04-14 22:53:07.096600
Bermuda,57,,5 ,,30,22,3,416,North America,"April 14, 2020, 19:07 GMT",2020-04-14 22:53:07.096600
French Polynesia,55,, ,,,55,1,920,Australia/Oceania,"April 14, 2020, 19:07 GMT",2020-04-14 22:53:07.096600
Uganda,54,, ,,8,46,,"5,664",Africa,"April 14, 2020, 19:07 GMT",2020-04-14 22:53:07.096600
Sint Maarten,52,+2,9 ,,5,38,2,134,North America,"April 14, 2020, 19:07 GMT",2020-04-14 22:53:07.096600
Guyana,47,,6 ,,8,33,5,213,South America,"April 14, 2020, 19:07 GMT",2020-04-14 22:53:07.096600
Macao,45,, ,,10,35,1,,Asia,"April 14, 2020, 19:07 GMT",2020-04-14 22:53:07.096600
Haiti,40,,3 ,,,37,,365,North America,"April 14, 2020, 19:07 GMT",2020-04-14 22:53:07.096600
Benin,35,,1 ,,18,16,,,Africa,"April 14, 2020, 19:07 GMT",2020-04-14 22:53:07.096600
Sudan,32,+3,5 ,+1,4,23,,,Africa,"April 14, 2020, 19:07 GMT",2020-04-14 22:53:07.096600
Mongolia,30,+13, ,,5,25,,"1,000",Asia,"April 14, 2020, 19:07 GMT",2020-04-14 22:53:07.096600
Mozambique,28,+7, ,,2,26,,762,Africa,"April 14, 2020, 19:07 GMT",2020-04-14 22:53:07.096600
Antigua and Barbuda,23,,2 ,,3,18,1,73,North America,"April 14, 2020, 19:07 GMT",2020-04-14 22:53:07.096600
Maldives,20,, ,,16,4,,"2,899",Asia,"April 14, 2020, 19:07 GMT",2020-04-14 22:53:07.096600
Laos,19,, ,,1,18,,"1,235",Asia,"April 14, 2020, 19:07 GMT",2020-04-14 22:53:07.096600
New Caledonia,18,, ,,1,17,,"2,608",Australia/Oceania,"April 14, 2020, 19:07 GMT",2020-04-14 22:53:07.096600
Malawi,16,,2 ,,,14,1,314,Africa,"April 14, 2020, 19:07 GMT",2020-04-14 22:53:07.096600
Dominica,16,, ,,8,8,,345,North America,"April 14, 2020, 19:07 GMT",2020-04-14 22:53:07.096600
Namibia,16,, ,,3,13,,362,Africa,"April 14, 2020, 19:07 GMT",2020-04-14 22:53:07.096600
Eswatini,15,, ,,8,7,,714,Africa,"April 14, 2020, 19:07 GMT",2020-04-14 22:53:07.096600
Grenada,14,, ,,,14,2,92,North America,"April 14, 2020, 19:07 GMT",2020-04-14 22:53:07.096600
Saint Kitts and Nevis,12,, ,,,12,,233,North America,"April 14, 2020, 19:07 GMT",2020-04-14 22:53:07.096600
CAR,11,, ,,4,7,,,Africa,"April 14, 2020, 19:07 GMT",2020-04-14 22:53:07.096600
Greenland,11,, ,,11,0,,912,North America,"April 14, 2020, 19:07 GMT",2020-04-14 22:53:07.096600
Seychelles,11,, ,,,11,,,Africa,"April 14, 2020, 19:07 GMT",2020-04-14 22:53:07.096600
Cabo Verde,10,,1 ,,1,8,,,Africa,"April 14, 2020, 19:07 GMT",2020-04-14 22:53:07.096600
Turks and Caicos,10,,1 ,,,9,,69,North America,"April 14, 2020, 19:07 GMT",2020-04-14 22:53:07.096600
Gambia,9,,1 ,,2,6,,281,Africa,"April 14, 2020, 19:07 GMT",2020-04-14 22:53:07.096600
Vatican City,8,, ,,2,6,,,Europe,"April 14, 2020, 19:07 GMT",2020-04-14 22:53:07.096600
St. Barth,6,, ,,4,2,,,North America,"April 14, 2020, 19:07 GMT",2020-04-14 22:53:07.096600
Western Sahara,6,, ,,,6,,,Africa,"April 14, 2020, 19:07 GMT",2020-04-14 22:53:07.096600
Bhutan,5,, ,,2,3,,"1,166",Asia,"April 14, 2020, 19:07 GMT",2020-04-14 22:53:07.096600
South Sudan,4,, ,,,4,,,Africa,"April 14, 2020, 19:07 GMT",2020-04-14 22:53:07.096600
British Virgin Islands,3,, ,,2,1,,,North America,"April 14, 2020, 19:07 GMT",2020-04-14 22:53:07.096600
Papua New Guinea,2,, ,,,2,,72,Australia/Oceania,"April 14, 2020, 19:07 GMT",2020-04-14 22:53:07.096600
Yemen,1,, ,,,1,,,Asia,"April 14, 2020, 19:07 GMT",2020-04-14 22:53:07.096600
World,"1,983,219","+59,371","125,145","+5,527","466,606","1,391,468","50,943",,All,"April 14, 2020, 19:07 GMT",2020-04-15 09:47:48.930248
North America,"645,389","+18,325","26,828","+1,716","49,057","569,504","13,935",,North America,"April 14, 2020, 19:07 GMT",2020-04-15 09:47:48.930248
Asia,"321,049","+10,809","11,721",+370,"155,669","153,659","6,475",,Asia,"April 14, 2020, 19:07 GMT",2020-04-15 09:47:48.930248
Italy,"162,488","+2,972","21,067 ",+602,"37,130","104,291","3,186","1,073,689",Europe,"April 14, 2020, 19:07 GMT",2020-04-15 09:47:48.930248
Germany,"131,359","+1,287","3,294 ",+100,"68,200","59,865","4,288","1,317,887",Europe,"April 14, 2020, 19:07 GMT",2020-04-15 09:47:48.930248
China,"82,249",+89,"3,341 ",,"77,738","1,170",116,,Asia,"April 14, 2020, 19:07 GMT",2020-04-15 09:47:48.930248
Turkey,"65,111","+4,062","1,403 ",+107,"4,799","58,909","1,809","443,626",Asia,"April 14, 2020, 19:07 GMT",2020-04-15 09:47:48.930248
Belgium,"31,119",+530,"4,157 ",+254,"6,868","20,094","1,223","102,151",Europe,"April 14, 2020, 19:07 GMT",2020-04-15 09:47:48.930248
Canada,"26,897","+1,217",898 ,+118,"8,172","17,827",557,"437,475",North America,"April 14, 2020, 19:07 GMT",2020-04-15 09:47:48.930248
Brazil,"24,232",+802,"1,378 ",+50,"3,046","19,808",296,"62,985",South America,"April 14, 2020, 19:07 GMT",2020-04-15 09:47:48.930248
Portugal,"17,448",+514,567 ,+32,347,"16,534",218,"182,707",Europe,"April 14, 2020, 19:07 GMT",2020-04-15 09:47:48.930248
Austria,"14,226",+185,384 ,+16,"7,633","6,209",243,"151,796",Europe,"April 14, 2020, 19:07 GMT",2020-04-15 09:47:48.930248
India,"11,487","+1,034",393 ,+35,"1,359","9,735",,"206,212",Asia,"April 14, 2020, 19:07 GMT",2020-04-15 09:47:48.930248
Sweden,"11,445",+497,"1,033 ",+114,381,"10,031",915,"54,700",Europe,"April 14, 2020, 19:07 GMT",2020-04-15 09:47:48.930248
Peru,"10,303",+519,230 ,+14,"2,869","7,204",132,"102,216",South America,"April 14, 2020, 19:07 GMT",2020-04-15 09:47:48.930248
Oceania,"7,857",+58,70,+4,"4,227","3,560",85,,Australia/Oceania,"April 14, 2020, 19:07 GMT",2020-04-15 09:47:48.930248
Ecuador,"7,603",+74,355 ,,696,"6,552",121,"25,347",South America,"April 14, 2020, 19:07 GMT",2020-04-15 09:47:48.930248
Romania,"6,879",+246,351 ,+20,"1,051","5,477",241,"70,097",Europe,"April 14, 2020, 19:07 GMT",2020-04-15 09:47:48.930248
Denmark,"6,511",+193,299 ,+14,"2,515","3,697",100,"74,210",Europe,"April 14, 2020, 19:07 GMT",2020-04-15 09:47:48.930248
Czechia,"6,111",+52,161 ,+18,642,"5,308",92,"131,542",Europe,"April 14, 2020, 19:07 GMT",2020-04-15 09:47:48.930248
Saudi Arabia,"5,369",+435,73 ,+8,889,"4,407",59,"150,000",Asia,"April 14, 2020, 19:07 GMT",2020-04-15 09:47:48.930248
Mexico,"5,014",+353,332 ,+36,"1,964","2,718",207,"37,395",North America,"April 14, 2020, 19:07 GMT",2020-04-15 09:47:48.930248
UAE,"4,933",+412,28 ,+3,933,"3,972",1,"648,195",Asia,"April 14, 2020, 19:07 GMT",2020-04-15 09:47:48.930248
Serbia,"4,465",+411,94 ,+9,400,"3,971",131,"23,398",Europe,"April 14, 2020, 19:07 GMT",2020-04-15 09:47:48.930248
Qatar,"3,428",+197,7  ,,373,"3,048",37,"52,622",Asia,"April 14, 2020, 19:07 GMT",2020-04-15 09:47:48.930248
Luxembourg,"3,307",+15,67 ,,500,"2,740",30,"29,523",Europe,"April 14, 2020, 19:07 GMT",2020-04-15 09:47:48.930248
Belarus,"3,281",+362,33 ,+4,203,"3,045",57,"71,875",Europe,"April 14, 2020, 19:07 GMT",2020-04-15 09:47:48.930248
Finland,"3,161",+97,64 ,+5,300,"2,797",74,"47,290",Europe,"April 14, 2020, 19:07 GMT",2020-04-15 09:47:48.930248
Thailand,"2,613",+34,41 ,+1,"1,405","1,167",61,"100,498",Asia,"April 14, 2020, 19:07 GMT",2020-04-15 09:47:48.930248
Egypt,"2,350",+160,178 ,+14,589,"1,583",,"25,000",Africa,"April 14, 2020, 19:07 GMT",2020-04-15 09:47:48.930248
Greece,"2,170",+25,101 ,+2,269,"1,800",76,"48,798",Europe,"April 14, 2020, 19:07 GMT",2020-04-15 09:47:48.930248
Moldova,"1,934",+222,38 ,+3,134,"1,762",80,"6,271",Europe,"April 14, 2020, 19:07 GMT",2020-04-15 09:47:48.930248
Iceland,"1,720",+9,8 ,,989,723,8,"36,339",Europe,"April 14, 2020, 19:07 GMT",2020-04-15 09:47:48.930248
Bahrain,"1,522",+161,7 ,+1,645,870,3,"69,359",Asia,"April 14, 2020, 19:07 GMT",2020-04-15 09:47:48.930248
Iraq,"1,400",+22,78 ,,766,556,,"45,437",Asia,"April 14, 2020, 19:07 GMT",2020-04-15 09:47:48.930248
New Zealand,"1,366",+17,9 ,+4,628,729,4,"64,399",Australia/Oceania,"April 14, 2020, 19:07 GMT",2020-04-15 09:47:48.930248
Kazakhstan,"1,232",+141,14 ,+2,203,"1,015",21,"76,904",Asia,"April 14, 2020, 19:07 GMT",2020-04-15 09:47:48.930248
Azerbaijan,"1,197",+49,13 ,+1,351,833,25,"71,736",Asia,"April 14, 2020, 19:07 GMT",2020-04-15 09:47:48.930248
Bosnia and Herzegovina,"1,083",+46,40 ,+1,236,807,4,"12,407",Europe,"April 14, 2020, 19:07 GMT",2020-04-15 09:47:48.930248
Armenia,"1,067",+28,16 ,+2,265,786,30,"8,316",Asia,"April 14, 2020, 19:07 GMT",2020-04-15 09:47:48.930248
Bangladesh,"1,012",+209,46 ,+7,42,924,1,"13,128",Asia,"April 14, 2020, 19:07 GMT",2020-04-15 09:47:48.930248
Cameroon,848,,14 ,+2,130,704,,,Africa,"April 14, 2020, 19:07 GMT",2020-04-15 09:47:48.930248
Oman,813,+86,4 ,,130,679,3,,Asia,"April 14, 2020, 19:07 GMT",2020-04-15 09:47:48.930248
Tunisia,747,+21,34 ,,43,670,89,"12,415",Africa,"April 14, 2020, 19:07 GMT",2020-04-15 09:47:48.930248
Afghanistan,714,+49,23 ,+2,40,651,,,Asia,"April 14, 2020, 19:07 GMT",2020-04-15 09:47:48.930248
Diamond Princess,712,,12 ,,639,61,7,,,"April 14, 2020, 19:07 GMT",2020-04-15 09:47:48.930248
Latvia,657,+2,5 ,,16,636,3,"29,018",Europe,"April 14, 2020, 19:07 GMT",2020-04-15 09:47:48.930248
Lebanon,641,+9,21 ,+1,80,540,33,"16,319",Asia,"April 14, 2020, 19:07 GMT",2020-04-15 09:47:48.930248
Ghana,636,+70,8 ,,17,611,2,"44,421",Africa,"April 14, 2020, 19:07 GMT",2020-04-15 09:47:48.930248
Niger,548,,13 ,,86,449,,"4,399",Africa,"April 14, 2020, 19:07 GMT",2020-04-15 09:47:48.930248
Uruguay,483,,8 ,,248,227,15,"9,236",South America,"April 14, 2020, 19:07 GMT",2020-04-15 09:47:48.930248
Channel Islands,440,+4,13 ,+4,48,379,,"3,320",Europe,"April 14, 2020, 19:07 GMT",2020-04-15 09:47:48.930248
Honduras,407,+10,26 ,+1,7,374,10,"1,600",North America,"April 14, 2020, 19:07 GMT",2020-04-15 09:47:48.930248
Taiwan,393,,6 ,,124,263,,"48,549",Asia,"April 14, 2020, 19:07 GMT",2020-04-15 09:47:48.930248
Réunion,391,, ,,40,351,3,,Africa,"April 14, 2020, 19:07 GMT",2020-04-15 09:47:48.930248
Djibouti,363,+65,2 ,,53,308,,"5,356",Africa,"April 14, 2020, 19:07 GMT",2020-04-15 09:47:48.930248
Bolivia,354,+24,28 ,+1,6,320,3,"2,185",South America,"April 14, 2020, 19:07 GMT",2020-04-15 09:47:48.930248
Mauritius,324,,9 ,,51,264,3,"8,279",Africa,"April 14, 2020, 19:07 GMT",2020-04-15 09:47:48.930248
Senegal,299,+8,2 ,,183,114,1,,Africa,"April 14, 2020, 19:07 GMT",2020-04-15 09:47:48.930248
Montenegro,283,+9,4 ,+1,46,233,7,"2,869",Europe,"April 14, 2020, 19:07 GMT",2020-04-15 09:47:48.930248
Isle of Man,254,+12,2 ,,141,111,13,"2,122",Europe,"April 14, 2020, 19:07 GMT",2020-04-15 09:47:48.930248
Sri Lanka,233,+16,7 ,,61,165,1,"4,768",Asia,"April 14, 2020, 19:07 GMT",2020-04-15 09:47:48.930248
Kenya,216,+8,9 ,,41,166,2,"8,123",Africa,"April 14, 2020, 19:07 GMT",2020-04-15 09:47:48.930248
Faeroe Islands,184,, ,,163,21,,"5,602",Europe,"April 14, 2020, 19:07 GMT",2020-04-15 09:47:48.930248
Paraguay,159,+12,7 ,+1,22,130,1,"3,394",South America,"April 14, 2020, 19:07 GMT",2020-04-15 09:47:48.930248
El Salvador,149,+12,6 ,,25,118,2,"7,230",North America,"April 14, 2020, 19:07 GMT",2020-04-15 09:47:48.930248
Mali,144,+21,13 ,+3,34,97,,,Africa,"April 14, 2020, 19:07 GMT",2020-04-15 09:47:48.930248
Rwanda,134,+7, ,,49,85,,"6,237",Africa,"April 14, 2020, 19:07 GMT",2020-04-15 09:47:48.930248
Cambodia,122,, ,,91,31,1,"5,768",Asia,"April 14, 2020, 19:07 GMT",2020-04-15 09:47:48.930248
Madagascar,108,+2, ,,23,85,1,,Africa,"April 14, 2020, 19:07 GMT",2020-04-15 09:47:48.930248
Aruba,92,, ,,32,60,1,"1,154",North America,"April 14, 2020, 19:07 GMT",2020-04-15 09:47:48.930248
Ethiopia,82,+8,3 ,,14,65,,"4,557",Africa,"April 14, 2020, 19:07 GMT",2020-04-15 09:47:48.930248
Togo,77,,3 ,,32,42,,"2,806",Africa,"April 14, 2020, 19:07 GMT",2020-04-15 09:47:48.930248
Barbados,72,,4 ,,13,55,4,839,North America,"April 14, 2020, 19:07 GMT",2020-04-15 09:47:48.930248
Congo,60,,5 ,,5,50,,,Africa,"April 14, 2020, 19:07 GMT",2020-04-15 09:47:48.930248
Liberia,59,,6 ,,4,49,,,Africa,"April 14, 2020, 19:07 GMT",2020-04-15 09:47:48.930248
Gabon,57,,1 ,,1,55,,,Africa,"April 14, 2020, 19:07 GMT",2020-04-15 09:47:48.930248
Cayman Islands,54,,1 ,,6,47,3,580,North America,"April 14, 2020, 19:07 GMT",2020-04-15 09:47:48.930248
Tanzania,53,+4,3 ,,7,43,,,Africa,"April 14, 2020, 19:07 GMT",2020-04-15 09:47:48.930248
Bahamas,49,,8 ,,6,35,1,,North America,"April 14, 2020, 19:07 GMT",2020-04-15 09:47:48.930248
Zambia,45,,2 ,,30,13,1,"1,696",Africa,"April 14, 2020, 19:07 GMT",2020-04-15 09:47:48.930248
Equatorial Guinea,41,+20, ,,4,37,,854,Africa,"April 14, 2020, 19:07 GMT",2020-04-15 09:47:48.930248
Guinea-Bissau,38,, ,,,38,,"1,500",Africa,"April 14, 2020, 19:07 GMT",2020-04-15 09:47:48.930248
Eritrea,34,, ,,,34,,,Africa,"April 14, 2020, 19:07 GMT",2020-04-15 09:47:48.930248
Saint Martin,32,,2 ,,11,19,5,,North America,"April 14, 2020, 19:07 GMT",2020-04-15 09:47:48.930248
Syria,29,+4,2 ,,5,22,,,Asia,"April 14, 2020, 19:07 GMT",2020-04-15 09:47:48.930248
Libya,26,,1 ,,9,16,,545,Africa,"April 14, 2020, 19:07 GMT",2020-04-15 09:47:48.930248
Chad,23,, ,,2,21,,,Africa,"April 14, 2020, 19:07 GMT",2020-04-15 09:47:48.930248
Angola,19,,2 ,,5,12,,,Africa,"April 14, 2020, 19:07 GMT",2020-04-15 09:47:48.930248
Belize,18,,2 ,,,16,1,567,North America,"April 14, 2020, 19:07 GMT",2020-04-15 09:47:48.930248
Zimbabwe,17,,3 ,,,14,,604,Africa,"April 14, 2020, 19:07 GMT",2020-04-15 09:47:48.930248
Nepal,16,+2, ,,1,15,,"6,299",Asia,"April 14, 2020, 19:07 GMT",2020-04-15 09:47:48.930248
Fiji,16,, ,,,16,,,Australia/Oceania,"April 14, 2020, 19:07 GMT",2020-04-15 09:47:48.930248
Saint Lucia,15,, ,,4,11,,,North America,"April 14, 2020, 19:07 GMT",2020-04-15 09:47:48.930248
Curaçao,14,,1 ,,10,3,,230,North America,"April 14, 2020, 19:07 GMT",2020-04-15 09:47:48.930248
Botswana,13,,1 ,,,12,,"3,115",Africa,"April 14, 2020, 19:07 GMT",2020-04-15 09:47:48.930248
St. Vincent Grenadines,12,, ,,1,11,,87,North America,"April 14, 2020, 19:07 GMT",2020-04-15 09:47:48.930248
Falkland Islands,11,+6, ,,1,10,,137,South America,"April 14, 2020, 19:07 GMT",2020-04-15 09:47:48.930248
Montserrat,11,, ,,1,10,1,36,North America,"April 14, 2020, 19:07 GMT",2020-04-15 09:47:48.930248
Sierra Leone,11,+1, ,,,11,,,Africa,"April 14, 2020, 19:07 GMT",2020-04-15 09:47:48.930248
Suriname,10,,1  ,,6,3,,,South America,"April 14, 2020, 19:07 GMT",2020-04-15 09:47:48.930248
MS Zaandam,9,,2 ,,,7,,,,"April 14, 2020, 19:07 GMT",2020-04-15 09:47:48.930248
Nicaragua,9,,1 ,,4,4,,,North America,"April 14, 2020, 19:07 GMT",2020-04-15 09:47:48.930248
Mauritania,7,,1 ,,2,4,,527,Africa,"April 14, 2020, 19:07 GMT",2020-04-15 09:47:48.930248
Timor-Leste,6,+2, ,,1,5,,,Asia,"April 14, 2020, 19:07 GMT",2020-04-15 09:47:48.930248
Burundi,5,,1 ,,,4,,,Africa,"April 14, 2020, 19:07 GMT",2020-04-15 09:47:48.930248
Sao Tome and Principe,4,, ,,,4,,19,Africa,"April 14, 2020, 19:07 GMT",2020-04-15 09:47:48.930248
Anguilla,3,, ,,1,2,,,North America,"April 14, 2020, 19:07 GMT",2020-04-15 09:47:48.930248
Caribbean Netherlands,3,, ,,,3,,10,North America,"April 14, 2020, 19:07 GMT",2020-04-15 09:47:48.930248
Saint Pierre Miquelon,1,, ,,,1,,,North America,"April 14, 2020, 19:07 GMT",2020-04-15 09:47:48.930248
Europe,"934,904","+27,518","83,313","+3,324","243,117","608,474","29,107",,Europe,"April 14, 2020, 19:07 GMT",2020-04-15 09:47:48.930248
USA,"603,496","+16,555","25,195 ","+1,555","38,144","540,157","12,828","3,036,007",North America,"April 14, 2020, 19:07 GMT",2020-04-15 09:47:48.930248
Spain,"172,541","+2,442","18,056 ",+300,"67,504","86,981","7,371","600,000",Europe,"April 14, 2020, 19:07 GMT",2020-04-15 09:47:48.930248
France,"143,303","+6,524","15,729 ",+762,"28,805","98,769","6,730","333,807",Europe,"April 14, 2020, 19:07 GMT",2020-04-15 09:47:48.930248
UK,"93,873","+5,252","12,107 ",+778,N/A,"81,422","1,559","382,650",Europe,"April 14, 2020, 19:07 GMT",2020-04-15 09:47:48.930248
Iran,"74,877","+1,574","4,683 ",+98,"48,129","22,065","3,691","287,359",Asia,"April 14, 2020, 19:07 GMT",2020-04-15 09:47:48.930248
South America,"56,523","+1,829","2,328",+80,"10,587","43,608","1,156",,South America,"April 14, 2020, 19:07 GMT",2020-04-15 09:47:48.930248
Netherlands,"27,419",+868,"2,945 ",+122,250,"24,224","1,358","134,972",Europe,"April 14, 2020, 19:07 GMT",2020-04-15 09:47:48.930248
Switzerland,"25,936",+248,"1,174 ",+36,"13,700","11,062",386,"199,000",Europe,"April 14, 2020, 19:07 GMT",2020-04-15 09:47:48.930248
Russia,"21,102","+2,774",170 ,+22,"1,694","19,238",8,"1,400,000",Europe,"April 14, 2020, 19:07 GMT",2020-04-15 09:47:48.930248
Africa,"16,776",+832,871,+33,"3,310","12,595",178,,Africa,"April 14, 2020, 19:07 GMT",2020-04-15 09:47:48.930248
Israel,"12,046",+460,123 ,+7,"2,195","9,728",175,"117,339",Asia,"April 14, 2020, 19:07 GMT",2020-04-15 09:47:48.930248
Ireland,"11,479",+832,406 ,+41,25,"11,048",194,"90,646",Europe,"April 14, 2020, 19:07 GMT",2020-04-15 09:47:48.930248
S. Korea,"10,564",+27,222 ,+5,"7,534","2,808",55,"527,438",Asia,"April 14, 2020, 19:07 GMT",2020-04-15 09:47:48.930248
Chile,"7,917",+392,92 ,+10,"2,646","5,179",387,"87,794",South America,"April 14, 2020, 19:07 GMT",2020-04-15 09:47:48.930248
Japan,"7,645",+27,143 ,,799,"6,703",135,"78,702",Asia,"April 14, 2020, 19:07 GMT",2020-04-15 09:47:48.930248
Poland,"7,202",+268,263 ,+18,618,"6,321",160,"148,321",Europe,"April 14, 2020, 19:07 GMT",2020-04-15 09:47:48.930248
Norway,"6,623",+20,139 ,+5,32,"6,452",59,"128,569",Europe,"April 14, 2020, 19:07 GMT",2020-04-15 09:47:48.930248
Australia,"6,400",+41,61 ,,"3,598","2,741",80,"366,493",Australia/Oceania,"April 14, 2020, 19:07 GMT",2020-04-15 09:47:48.930248
Pakistan,"5,837",+341,96 ,+3,"1,378","4,363",46,"69,928",Asia,"April 14, 2020, 19:07 GMT",2020-04-15 09:47:48.930248
Philippines,"5,223",+291,335 ,+20,295,"4,593",1,"43,500",Asia,"April 14, 2020, 19:07 GMT",2020-04-15 09:47:48.930248
Malaysia,"4,987",+170,82 ,+5,"2,478","2,427",60,"84,791",Asia,"April 14, 2020, 19:07 GMT",2020-04-15 09:47:48.930248
Indonesia,"4,839",+282,459 ,+60,426,"3,954",,"31,628",Asia,"April 14, 2020, 19:07 GMT",2020-04-15 09:47:48.930248
Panama,"3,472",,94 ,,61,"3,317",106,"15,567",North America,"April 14, 2020, 19:07 GMT",2020-04-15 09:47:48.930248
Ukraine,"3,372",+270,98 ,+5,119,"3,155",45,"35,153",Europe,"April 14, 2020, 19:07 GMT",2020-04-15 09:47:48.930248
Dominican Republic,"3,286",+119,183 ,+6,162,"2,941",143,"9,275",North America,"April 14, 2020, 19:07 GMT",2020-04-15 09:47:48.930248
Singapore,"3,252",+334,10 ,+1,611,"2,631",29,"72,680",Asia,"April 14, 2020, 19:07 GMT",2020-04-15 09:47:48.930248
Colombia,"2,852",,112 ,,319,"2,421",106,"43,053",South America,"April 14, 2020, 19:07 GMT",2020-04-15 09:47:48.930248
South Africa,"2,415",+143,27 ,,410,"1,978",7,"87,022",Africa,"April 14, 2020, 19:07 GMT",2020-04-15 09:47:48.930248
Argentina,"2,277",,102 ,+4,559,"1,616",83,"22,805",South America,"April 14, 2020, 19:07 GMT",2020-04-15 09:47:48.930248
Algeria,"2,070",+87,326 ,+13,691,"1,053",60,"3,359",Africa,"April 14, 2020, 19:07 GMT",2020-04-15 09:47:48.930248
Morocco,"1,888",+125,126 ,,217,"1,545",1,"9,609",Africa,"April 14, 2020, 19:07 GMT",2020-04-15 09:47:48.930248
Croatia,"1,704",+54,31 ,+6,415,"1,258",34,"18,359",Europe,"April 14, 2020, 19:07 GMT",2020-04-15 09:47:48.930248
Hungary,"1,512",+54,122 ,+13,122,"1,268",58,"35,825",Europe,"April 14, 2020, 19:07 GMT",2020-04-15 09:47:48.930248
Estonia,"1,373",+41,31 ,+3,115,"1,227",11,"32,263",Europe,"April 14, 2020, 19:07 GMT",2020-04-15 09:47:48.930248
Kuwait,"1,355",+55,3 ,+1,176,"1,176",26,,Asia,"April 14, 2020, 19:07 GMT",2020-04-15 09:47:48.930248
Slovenia,"1,220",+8,56 ,+1,152,"1,012",35,"35,946",Europe,"April 14, 2020, 19:07 GMT",2020-04-15 09:47:48.930248
Uzbekistan,"1,113",+115,4 ,,99,"1,010",8,"70,000",Asia,"April 14, 2020, 19:07 GMT",2020-04-15 09:47:48.930248
Lithuania,"1,070",+8,29 ,+5,101,940,14,"42,690",Europe,"April 14, 2020, 19:07 GMT",2020-04-15 09:47:48.930248
Hong Kong,"1,013",+3,4 ,,434,575,13,"96,709",Asia,"April 14, 2020, 19:07 GMT",2020-04-15 09:47:48.930248
North Macedonia,908,+54,44 ,+6,86,778,15,"9,262",Europe,"April 14, 2020, 19:07 GMT",2020-04-15 09:47:48.930248
Slovakia,835,+66,2 ,,113,720,5,"30,052",Europe,"April 14, 2020, 19:07 GMT",2020-04-15 09:47:48.930248
Cuba,766,+40,21 ,,132,613,9,"18,634",North America,"April 14, 2020, 19:07 GMT",2020-04-15 09:47:48.930248
,721,,14,,639,68,7,,,"April 14, 2020, 19:07 GMT",2020-04-15 09:47:48.930248
Bulgaria,713,+28,35 ,+3,81,597,29,"18,502",Europe,"April 14, 2020, 19:07 GMT",2020-04-15 09:47:48.930248
Cyprus,695,+33,12 ,,65,618,8,"17,923",Asia,"April 14, 2020, 19:07 GMT",2020-04-15 09:47:48.930248
Andorra,646,,29 ,,128,489,17,"1,673",Europe,"April 14, 2020, 19:07 GMT",2020-04-15 09:47:48.930248
Ivory Coast,638,+12,6 ,,114,518,,,Africa,"April 14, 2020, 19:07 GMT",2020-04-15 09:47:48.930248
Costa Rica,618,+6,3 ,,66,549,14,"8,703",North America,"April 14, 2020, 19:07 GMT",2020-04-15 09:47:48.930248
Burkina Faso,515,,27 ,,161,327,,,Africa,"April 14, 2020, 19:07 GMT",2020-04-15 09:47:48.930248
Albania,475,+8,24 ,+1,248,203,5,"4,306",Europe,"April 14, 2020, 19:07 GMT",2020-04-15 09:47:48.930248
Kyrgyzstan,430,+11,5 ,,71,354,5,"26,147",Asia,"April 14, 2020, 19:07 GMT",2020-04-15 09:47:48.930248
Jordan,397,+6,7 ,,235,155,5,"20,500",Asia,"April 14, 2020, 19:07 GMT",2020-04-15 09:47:48.930248
Malta,393,+9,3 ,,44,346,4,"19,121",Europe,"April 14, 2020, 19:07 GMT",2020-04-15 09:47:48.930248
San Marino,371,,36 ,,53,282,15,846,Europe,"April 14, 2020, 19:07 GMT",2020-04-15 09:47:48.930248
Guinea,363,+44, ,,31,332,,,Africa,"April 14, 2020, 19:07 GMT",2020-04-15 09:47:48.930248
Nigeria,343,,10 ,,91,242,2,"5,000",Africa,"April 14, 2020, 19:07 GMT",2020-04-15 09:47:48.930248
Palestine,308,,2 ,,62,244,,"17,329",Asia,"April 14, 2020, 19:07 GMT",2020-04-15 09:47:48.930248
Georgia,296,+24,3 ,,69,224,6,"3,271",Asia,"April 14, 2020, 19:07 GMT",2020-04-15 09:47:48.930248
Vietnam,266,+1, ,,169,97,8,"121,821",Asia,"April 14, 2020, 19:07 GMT",2020-04-15 09:47:48.930248
DRC,241,+6,20 ,,20,201,,,Africa,"April 14, 2020, 19:07 GMT",2020-04-15 09:47:48.930248
Mayotte,217,+10,3 ,,69,145,3,"1,500",Africa,"April 14, 2020, 19:07 GMT",2020-04-15 09:47:48.930248
Venezuela,189,,9 ,,110,70,6,"203,108",South America,"April 14, 2020, 19:07 GMT",2020-04-15 09:47:48.930248
Guatemala,167,+11,5 ,,19,143,3,"1,134",North America,"April 14, 2020, 19:07 GMT",2020-04-15 09:47:48.930248
Martinique,157,,6 ,,50,101,19,,North America,"April 14, 2020, 19:07 GMT",2020-04-15 09:47:48.930248
Guadeloupe,145,,8 ,,67,70,13,,North America,"April 14, 2020, 19:07 GMT",2020-04-15 09:47:48.930248
Brunei ,136,,1 ,,107,28,2,"10,350",Asia,"April 14, 2020, 19:07 GMT",2020-04-15 09:47:48.930248
Gibraltar,129,, ,,93,36,1,"1,649",Europe,"April 14, 2020, 19:07 GMT",2020-04-15 09:47:48.930248
Trinidad and Tobago,113,,8 ,,17,88,,"1,152",North America,"April 14, 2020, 19:07 GMT",2020-04-15 09:47:48.930248
Monaco,93,,1 ,,6,86,5,,Europe,"April 14, 2020, 19:07 GMT",2020-04-15 09:47:48.930248
French Guiana,86,, ,,51,35,1,,South America,"April 14, 2020, 19:07 GMT",2020-04-15 09:47:48.930248
Liechtenstein,79,,1 ,,55,23,,900,Europe,"April 14, 2020, 19:07 GMT",2020-04-15 09:47:48.930248
Jamaica,73,,4 ,,19,50,,"1,199",North America,"April 14, 2020, 19:07 GMT",2020-04-15 09:47:48.930248
Myanmar,63,+1,4 ,,2,57,,"2,443",Asia,"April 14, 2020, 19:07 GMT",2020-04-15 09:47:48.930248
Somalia,60,,2  ,,2,56,2,,Africa,"April 14, 2020, 19:07 GMT",2020-04-15 09:47:48.930248
Bermuda,57,,5 ,,30,22,3,416,North America,"April 14, 2020, 19:07 GMT",2020-04-15 09:47:48.930248
French Polynesia,55,, ,,,55,1,920,Australia/Oceania,"April 14, 2020, 19:07 GMT",2020-04-15 09:47:48.930248
Uganda,54,, ,,8,46,,"5,664",Africa,"April 14, 2020, 19:07 GMT",2020-04-15 09:47:48.930248
Sint Maarten,52,+2,9 ,,5,38,2,134,North America,"April 14, 2020, 19:07 GMT",2020-04-15 09:47:48.930248
Guyana,47,,6 ,,8,33,5,213,South America,"April 14, 2020, 19:07 GMT",2020-04-15 09:47:48.930248
Macao,45,, ,,10,35,1,,Asia,"April 14, 2020, 19:07 GMT",2020-04-15 09:47:48.930248
Haiti,40,,3 ,,,37,,365,North America,"April 14, 2020, 19:07 GMT",2020-04-15 09:47:48.930248
Benin,35,,1 ,,18,16,,,Africa,"April 14, 2020, 19:07 GMT",2020-04-15 09:47:48.930248
Sudan,32,+3,5 ,+1,4,23,,,Africa,"April 14, 2020, 19:07 GMT",2020-04-15 09:47:48.930248
Mongolia,30,+13, ,,5,25,,"1,000",Asia,"April 14, 2020, 19:07 GMT",2020-04-15 09:47:48.930248
Mozambique,28,+7, ,,2,26,,762,Africa,"April 14, 2020, 19:07 GMT",2020-04-15 09:47:48.930248
Antigua and Barbuda,23,,2 ,,3,18,1,73,North America,"April 14, 2020, 19:07 GMT",2020-04-15 09:47:48.930248
Maldives,20,, ,,16,4,,"2,899",Asia,"April 14, 2020, 19:07 GMT",2020-04-15 09:47:48.930248
Laos,19,, ,,1,18,,"1,235",Asia,"April 14, 2020, 19:07 GMT",2020-04-15 09:47:48.930248
New Caledonia,18,, ,,1,17,,"2,608",Australia/Oceania,"April 14, 2020, 19:07 GMT",2020-04-15 09:47:48.930248
Malawi,16,,2 ,,,14,1,314,Africa,"April 14, 2020, 19:07 GMT",2020-04-15 09:47:48.930248
Dominica,16,, ,,8,8,,345,North America,"April 14, 2020, 19:07 GMT",2020-04-15 09:47:48.930248
Namibia,16,, ,,3,13,,362,Africa,"April 14, 2020, 19:07 GMT",2020-04-15 09:47:48.930248
Eswatini,15,, ,,8,7,,714,Africa,"April 14, 2020, 19:07 GMT",2020-04-15 09:47:48.930248
Grenada,14,, ,,,14,2,92,North America,"April 14, 2020, 19:07 GMT",2020-04-15 09:47:48.930248
Saint Kitts and Nevis,12,, ,,,12,,233,North America,"April 14, 2020, 19:07 GMT",2020-04-15 09:47:48.930248
CAR,11,, ,,4,7,,,Africa,"April 14, 2020, 19:07 GMT",2020-04-15 09:47:48.930248
Greenland,11,, ,,11,0,,912,North America,"April 14, 2020, 19:07 GMT",2020-04-15 09:47:48.930248
Seychelles,11,, ,,,11,,,Africa,"April 14, 2020, 19:07 GMT",2020-04-15 09:47:48.930248
Cabo Verde,10,,1 ,,1,8,,,Africa,"April 14, 2020, 19:07 GMT",2020-04-15 09:47:48.930248
Turks and Caicos,10,,1 ,,,9,,69,North America,"April 14, 2020, 19:07 GMT",2020-04-15 09:47:48.930248
Gambia,9,,1 ,,2,6,,281,Africa,"April 14, 2020, 19:07 GMT",2020-04-15 09:47:48.930248
Vatican City,8,, ,,2,6,,,Europe,"April 14, 2020, 19:07 GMT",2020-04-15 09:47:48.930248
St. Barth,6,, ,,4,2,,,North America,"April 14, 2020, 19:07 GMT",2020-04-15 09:47:48.930248
Western Sahara,6,, ,,,6,,,Africa,"April 14, 2020, 19:07 GMT",2020-04-15 09:47:48.930248
Bhutan,5,, ,,2,3,,"1,166",Asia,"April 14, 2020, 19:07 GMT",2020-04-15 09:47:48.930248
South Sudan,4,, ,,,4,,,Africa,"April 14, 2020, 19:07 GMT",2020-04-15 09:47:48.930248
British Virgin Islands,3,, ,,2,1,,,North America,"April 14, 2020, 19:07 GMT",2020-04-15 09:47:48.930248
Papua New Guinea,2,, ,,,2,,72,Australia/Oceania,"April 14, 2020, 19:07 GMT",2020-04-15 09:47:48.930248
Yemen,1,, ,,,1,,,Asia,"April 14, 2020, 19:07 GMT",2020-04-15 09:47:48.930248
North America,"683,874","+27,792","30,051","+2,364","59,910","593,913","14,585",,North America,"April 15, 2020, 20:11 GMT",2020-04-15 16:12:02.995180
Europe,"966,257","+28,969","87,875","+4,157","257,966","620,416","28,639",,Europe,"April 15, 2020, 20:11 GMT",2020-04-15 16:12:02.995180
Asia,"332,556","+11,205","12,019",+295,"159,944","160,593","6,462",,Asia,"April 15, 2020, 20:11 GMT",2020-04-15 16:12:02.995180
South America,"62,750","+5,061","2,770",+259,"22,268","37,712","1,219",,South America,"April 15, 2020, 20:11 GMT",2020-04-15 16:12:02.995180
Oceania,"7,924",+67,72,+2,"4,415","3,437",80,,Australia/Oceania,"April 15, 2020, 20:11 GMT",2020-04-15 16:12:02.995180
Africa,"17,726",+854,910,+34,"3,684","13,132",178,,Africa,"April 15, 2020, 20:11 GMT",2020-04-15 16:12:02.995180
,721,,14,,639,68,7,,,"April 15, 2020, 20:11 GMT",2020-04-15 16:12:02.995180
World,"2,071,808","+73,948","133,711","+7,111","508,826","1,429,271","51,170",,All,"April 15, 2020, 20:11 GMT",2020-04-15 16:12:02.995180
USA,"639,724","+25,838","28,215 ","+2,168","47,942","563,567","13,477","3,218,187",North America,"April 15, 2020, 20:11 GMT",2020-04-15 16:12:02.995180
Spain,"177,633","+3,573","18,579 ",+324,"70,853","88,201","7,371","600,000",Europe,"April 15, 2020, 20:11 GMT",2020-04-15 16:12:02.995180
Italy,"165,155","+2,667","21,645 ",+578,"38,092","105,418","3,079","1,117,404",Europe,"April 15, 2020, 20:11 GMT",2020-04-15 16:12:02.995180
France,"147,863","+4,560","17,167 ","+1,438","30,955","99,741","6,457","333,807",Europe,"April 15, 2020, 20:11 GMT",2020-04-15 16:12:02.995180
Germany,"133,456","+1,246","3,592 ",+97,"72,600","57,264","4,288","1,728,357",Europe,"April 15, 2020, 20:11 GMT",2020-04-15 16:12:02.995180
UK,"98,476","+4,603","12,868 ",+761,N/A,"85,264","1,559","398,916",Europe,"April 15, 2020, 20:11 GMT",2020-04-15 16:12:02.995180
Iran,"76,389","+1,512","4,777 ",+94,"49,933","21,679","3,643","299,204",Asia,"April 15, 2020, 20:11 GMT",2020-04-15 16:12:02.995180
Turkey,"69,392","+4,281","1,518 ",+115,"5,674","62,200","1,820","477,716",Asia,"April 15, 2020, 20:11 GMT",2020-04-15 16:12:02.995180
Belgium,"33,573","+2,454","4,440 ",+283,"7,107","22,026","1,204","128,132",Europe,"April 15, 2020, 20:11 GMT",2020-04-15 16:12:02.995180
Brazil,"28,320","+3,058","1,736 ",+204,"14,026","12,558",296,"62,985",South America,"April 15, 2020, 20:11 GMT",2020-04-15 16:12:02.995180
Canada,"28,205","+1,142","1,006 ",+103,"8,937","18,262",557,"450,717",North America,"April 15, 2020, 20:11 GMT",2020-04-15 16:12:02.995180
Netherlands,"28,153",+734,"3,134 ",+189,250,"24,769","1,279","134,972",Europe,"April 15, 2020, 20:11 GMT",2020-04-15 16:12:02.995180
Switzerland,"26,336",+400,"1,239 ",+65,"15,400","9,697",386,"199,000",Europe,"April 15, 2020, 20:11 GMT",2020-04-15 16:12:02.995180
Russia,"24,490","+3,388",198 ,+28,"1,986","22,306",8,"1,517,992",Europe,"April 15, 2020, 20:11 GMT",2020-04-15 16:12:02.995180
Portugal,"18,091",+643,599 ,+32,383,"17,109",208,"191,680",Europe,"April 15, 2020, 20:11 GMT",2020-04-15 16:12:02.995180
Austria,"14,336",+110,393 ,+9,"8,098","5,845",232,"156,801",Europe,"April 15, 2020, 20:11 GMT",2020-04-15 16:12:02.995180
Ireland,"12,547","+1,068",444 ,+38,77,"12,026",194,"90,646",Europe,"April 15, 2020, 20:11 GMT",2020-04-15 16:12:02.995180
Israel,"12,501",+455,130 ,+7,"2,563","9,808",180,"117,339",Asia,"April 15, 2020, 20:11 GMT",2020-04-15 16:12:02.995180
India,"12,322",+835,405 ,+12,"1,432","10,485",,"244,893",Asia,"April 15, 2020, 20:11 GMT",2020-04-15 16:12:02.995180
Sweden,"11,927",+482,"1,203 ",+170,381,"10,343",954,"74,600",Europe,"April 15, 2020, 20:11 GMT",2020-04-15 16:12:02.995180
Peru,"11,475","+1,172",254 ,+24,"3,108","8,113",146,"109,385",South America,"April 15, 2020, 20:11 GMT",2020-04-15 16:12:02.995180
S. Korea,"10,591",+27,225 ,+3,"7,616","2,750",55,"534,552",Asia,"April 15, 2020, 20:11 GMT",2020-04-15 16:12:02.995180
Chile,"8,273",+356,94 ,+2,"2,937","5,242",389,"91,873",South America,"April 15, 2020, 20:11 GMT",2020-04-15 16:12:02.995180
Japan,"8,100",+215,146 ,,853,"7,101",152,"89,551",Asia,"April 15, 2020, 20:11 GMT",2020-04-15 16:12:02.995180
Ecuador,"7,858",+255,388 ,+19,780,"6,690",135,"26,093",South America,"April 15, 2020, 20:11 GMT",2020-04-15 16:12:02.995180
Poland,"7,582",+380,286 ,+23,668,"6,628",160,"156,493",Europe,"April 15, 2020, 20:11 GMT",2020-04-15 16:12:02.995180
Romania,"7,216",+337,372 ,+21,"1,217","5,627",245,"74,827",Europe,"April 15, 2020, 20:11 GMT",2020-04-15 16:12:02.995180
Norway,"6,740",+117,150 ,+11,32,"6,558",64,"130,216",Europe,"April 15, 2020, 20:11 GMT",2020-04-15 16:12:02.995180
Denmark,"6,681",+170,309 ,+10,"2,748","3,624",89,"77,712",Europe,"April 15, 2020, 20:11 GMT",2020-04-15 16:12:02.995180
Australia,"6,447",+47,63 ,+2,"3,686","2,698",76,"371,377",Australia/Oceania,"April 15, 2020, 20:11 GMT",2020-04-15 16:12:02.995180
Pakistan,"6,383",+546,111 ,+15,"1,446","4,826",46,"73,439",Asia,"April 15, 2020, 20:11 GMT",2020-04-15 16:12:02.995180
Czechia,"6,216",+105,166 ,+5,819,"5,231",84,"137,672",Europe,"April 15, 2020, 20:11 GMT",2020-04-15 16:12:02.995180
Saudi Arabia,"5,862",+493,79 ,+6,931,"4,852",71,"150,000",Asia,"April 15, 2020, 20:11 GMT",2020-04-15 16:12:02.995180
Philippines,"5,453",+230,349 ,+14,353,"4,751",1,"45,486",Asia,"April 15, 2020, 20:11 GMT",2020-04-15 16:12:02.995180
Mexico,"5,399",+385,406 ,+74,"2,125","2,868",207,"40,091",North America,"April 15, 2020, 20:11 GMT",2020-04-15 16:12:02.995180
UAE,"5,365",+432,33 ,+5,"1,034","4,298",1,"767,000",Asia,"April 15, 2020, 20:11 GMT",2020-04-15 16:12:02.995180
Indonesia,"5,136",+297,469 ,+10,446,"4,221",,"36,000",Asia,"April 15, 2020, 20:11 GMT",2020-04-15 16:12:02.995180
Malaysia,"5,072",+85,83 ,+1,"2,647","2,342",56,"87,183",Asia,"April 15, 2020, 20:11 GMT",2020-04-15 16:12:02.995180
Serbia,"4,873",+408,99 ,+5,400,"4,374",128,"26,278",Europe,"April 15, 2020, 20:11 GMT",2020-04-15 16:12:02.995180
Ukraine,"3,764",+392,108 ,+10,143,"3,513",45,"39,084",Europe,"April 15, 2020, 20:11 GMT",2020-04-15 16:12:02.995180
Belarus,"3,728",+447,36 ,+3,203,"3,489",68,"76,198",Europe,"April 15, 2020, 20:11 GMT",2020-04-15 16:12:02.995180
Qatar,"3,711",+283,7 ,,406,"3,298",37,"54,484",Asia,"April 15, 2020, 20:11 GMT",2020-04-15 16:12:02.995180
Singapore,"3,699",+447,10 ,,652,"3,037",29,"72,680",Asia,"April 15, 2020, 20:11 GMT",2020-04-15 16:12:02.995180
Dominican Republic,"3,614",+328,189 ,+6,208,"3,217",143,"9,275",North America,"April 15, 2020, 20:11 GMT",2020-04-15 16:12:02.995180
Panama,"3,574",,95 ,,72,"3,407",106,"16,053",North America,"April 15, 2020, 20:11 GMT",2020-04-15 16:12:02.995180
Luxembourg,"3,373",+66,69 ,+2,526,"2,778",33,"30,723",Europe,"April 15, 2020, 20:11 GMT",2020-04-15 16:12:02.995180
Finland,"3,237",+76,72 ,+8,300,"2,865",75,"48,828",Europe,"April 15, 2020, 20:11 GMT",2020-04-15 16:12:02.995180
Colombia,"2,979",,127 ,,354,"2,498",106,"45,423",South America,"April 15, 2020, 20:11 GMT",2020-04-15 16:12:02.995180
Thailand,"2,643",+30,43 ,+2,"1,497","1,103",61,"100,498",Asia,"April 15, 2020, 20:11 GMT",2020-04-15 16:12:02.995180
South Africa,"2,506",+91,34 ,+7,410,"2,062",7,"90,515",Africa,"April 15, 2020, 20:11 GMT",2020-04-15 16:12:02.995180
Egypt,"2,505",+155,183 ,+5,589,"1,733",,"25,000",Africa,"April 15, 2020, 20:11 GMT",2020-04-15 16:12:02.995180
Argentina,"2,443",+166,111 ,+9,596,"1,736",117,"24,374",South America,"April 15, 2020, 20:11 GMT",2020-04-15 16:12:02.995180
Greece,"2,192",+22,102 ,+1,269,"1,821",72,"50,771",Europe,"April 15, 2020, 20:11 GMT",2020-04-15 16:12:02.995180
Algeria,"2,160",+90,336 ,+10,708,"1,116",60,"3,359",Africa,"April 15, 2020, 20:11 GMT",2020-04-15 16:12:02.995180
Moldova,"2,049",+115,46 ,+5,171,"1,832",80,"6,271",Europe,"April 15, 2020, 20:11 GMT",2020-04-15 16:12:02.995180
Morocco,"2,024",+136,127 ,+1,229,"1,668",1,"10,392",Africa,"April 15, 2020, 20:11 GMT",2020-04-15 16:12:02.995180
Croatia,"1,741",+37,34 ,+3,473,"1,234",31,"19,256",Europe,"April 15, 2020, 20:11 GMT",2020-04-15 16:12:02.995180
Iceland,"1,727",+7,8 ,,"1,077",642,8,"37,386",Europe,"April 15, 2020, 20:11 GMT",2020-04-15 16:12:02.995180
Bahrain,"1,671",+143,7 ,,663,"1,001",3,"72,647",Asia,"April 15, 2020, 20:11 GMT",2020-04-15 16:12:02.995180
Hungary,"1,579",+67,134 ,+12,192,"1,253",58,"37,326",Europe,"April 15, 2020, 20:11 GMT",2020-04-15 16:12:02.995180
Iraq,"1,415",+15,79 ,+1,812,524,,"46,135",Asia,"April 15, 2020, 20:11 GMT",2020-04-15 16:12:02.995180
Kuwait,"1,405",+50,3 ,,206,"1,196",31,,Asia,"April 15, 2020, 20:11 GMT",2020-04-15 16:12:02.995180
Estonia,"1,400",+27,35 ,+4,117,"1,248",10,"33,967",Europe,"April 15, 2020, 20:11 GMT",2020-04-15 16:12:02.995180
New Zealand,"1,386",+20,9 ,,728,649,3,"66,499",Australia/Oceania,"April 15, 2020, 20:11 GMT",2020-04-15 16:12:02.995180
Uzbekistan,"1,302",+137,4 ,,107,"1,191",8,"70,000",Asia,"April 15, 2020, 20:11 GMT",2020-04-15 16:12:02.995180
Kazakhstan,"1,295",+63,16 ,+2,240,"1,039",20,"81,359",Asia,"April 15, 2020, 20:11 GMT",2020-04-15 16:12:02.995180
Azerbaijan,"1,253",+56,13 ,,404,836,24,"75,397",Asia,"April 15, 2020, 20:11 GMT",2020-04-15 16:12:02.995180
Slovenia,"1,248",+28,61 ,+5,165,"1,022",34,"37,114",Europe,"April 15, 2020, 20:11 GMT",2020-04-15 16:12:02.995180
Bangladesh,"1,231",+219,50 ,+4,49,"1,132",1,"14,868",Asia,"April 15, 2020, 20:11 GMT",2020-04-15 16:12:02.995180
Armenia,"1,111",+44,17 ,+1,297,797,30,"9,095",Asia,"April 15, 2020, 20:11 GMT",2020-04-15 16:12:02.995180
Bosnia and Herzegovina,"1,110",+27,41 ,+1,253,816,4,"13,339",Europe,"April 15, 2020, 20:11 GMT",2020-04-15 16:12:02.995180
Lithuania,"1,091",+21,30 ,+1,138,923,14,"44,677",Europe,"April 15, 2020, 20:11 GMT",2020-04-15 16:12:02.995180
Hong Kong,"1,017",+4,4 ,,459,554,10,"116,273",Asia,"April 15, 2020, 20:11 GMT",2020-04-15 16:12:02.995180
North Macedonia,974,+66,45 ,+1,98,831,15,"9,262",Europe,"April 15, 2020, 20:11 GMT",2020-04-15 16:12:02.995180
Oman,910,+97,4 ,,131,775,3,,Asia,"April 15, 2020, 20:11 GMT",2020-04-15 16:12:02.995180
Slovakia,863,+28,6 ,+4,151,706,5,"31,491",Europe,"April 15, 2020, 20:11 GMT",2020-04-15 16:12:02.995180
Cameroon,848,,17 ,+3,165,666,,,Africa,"April 15, 2020, 20:11 GMT",2020-04-15 16:12:02.995180
Cuba,814,+48,24 ,+3,151,639,15,"20,451",North America,"April 15, 2020, 20:11 GMT",2020-04-15 16:12:02.995180
Afghanistan,784,+70,25 ,+2,43,716,,,Asia,"April 15, 2020, 20:11 GMT",2020-04-15 16:12:02.995180
Tunisia,780,+33,35 ,+1,43,702,89,"13,137",Africa,"April 15, 2020, 20:11 GMT",2020-04-15 16:12:02.995180
Bulgaria,747,+34,36 ,+1,105,606,31,"18,502",Europe,"April 15, 2020, 20:11 GMT",2020-04-15 16:12:02.995180
Cyprus,715,+20,12 ,,65,638,8,"17,923",Asia,"April 15, 2020, 20:11 GMT",2020-04-15 16:12:02.995180
Diamond Princess,712,,12 ,,639,61,7,,,"April 15, 2020, 20:11 GMT",2020-04-15 16:12:02.995180
Andorra,673,+14,33 ,+2,169,471,17,"1,673",Europe,"April 15, 2020, 20:11 GMT",2020-04-15 16:12:02.995180
Latvia,666,+9,5 ,,44,617,3,"29,896",Europe,"April 15, 2020, 20:11 GMT",2020-04-15 16:12:02.995180
Lebanon,658,+17,21 ,,85,552,30,"17,260",Asia,"April 15, 2020, 20:11 GMT",2020-04-15 16:12:02.995180
Ivory Coast,638,,6 ,,114,518,,,Africa,"April 15, 2020, 20:11 GMT",2020-04-15 16:12:02.995180
Ghana,636,,8 ,,17,611,2,"44,421",Africa,"April 15, 2020, 20:11 GMT",2020-04-15 16:12:02.995180
Costa Rica,626,+8,4 ,+1,67,555,11,"9,089",North America,"April 15, 2020, 20:11 GMT",2020-04-15 16:12:02.995180
Niger,570,,14 ,,90,466,,"4,427",Africa,"April 15, 2020, 20:11 GMT",2020-04-15 16:12:02.995180
Burkina Faso,528,,30 ,,177,321,,,Africa,"April 15, 2020, 20:11 GMT",2020-04-15 16:12:02.995180
Albania,494,+19,25 ,+1,251,218,5,"4,558",Europe,"April 15, 2020, 20:11 GMT",2020-04-15 16:12:02.995180
Uruguay,492,,8 ,,260,224,14,"9,929",South America,"April 15, 2020, 20:11 GMT",2020-04-15 16:12:02.995180
Kyrgyzstan,449,+19,5 ,,78,366,5,"26,147",Asia,"April 15, 2020, 20:11 GMT",2020-04-15 16:12:02.995180
Channel Islands,447,+7,15 ,+2,69,363,,"3,320",Europe,"April 15, 2020, 20:11 GMT",2020-04-15 16:12:02.995180
Djibouti,435,+72,2 ,,71,362,,"5,936",Africa,"April 15, 2020, 20:11 GMT",2020-04-15 16:12:02.995180
Honduras,419,+12,31 ,+5,9,379,10,"1,600",North America,"April 15, 2020, 20:11 GMT",2020-04-15 16:12:02.995180
Guinea,404,+41,1 ,+1,31,372,,,Africa,"April 15, 2020, 20:11 GMT",2020-04-15 16:12:02.995180
Jordan,401,+4,7 ,,250,144,5,"20,500",Asia,"April 15, 2020, 20:11 GMT",2020-04-15 16:12:02.995180
Malta,399,+6,3 ,,44,352,4,"20,139",Europe,"April 15, 2020, 20:11 GMT",2020-04-15 16:12:02.995180
Bolivia,397,+43,28 ,,7,362,3,"2,185",South America,"April 15, 2020, 20:11 GMT",2020-04-15 16:12:02.995180
Taiwan,395,+2,6 ,,137,252,,"49,748",Asia,"April 15, 2020, 20:11 GMT",2020-04-15 16:12:02.995180
Runion,391,, ,,237,154,3,,Africa,"April 15, 2020, 20:11 GMT",2020-04-15 16:12:02.995180
Nigeria,373,,11 ,,99,263,2,"5,000",Africa,"April 15, 2020, 20:11 GMT",2020-04-15 16:12:02.995180
San Marino,372,,36 ,,53,283,15,846,Europe,"April 15, 2020, 20:11 GMT",2020-04-15 16:12:02.995180
Mauritius,324,,9 ,,65,250,3,"8,279",Africa,"April 15, 2020, 20:11 GMT",2020-04-15 16:12:02.995180
Senegal,314,+15,2 ,,190,122,1,,Africa,"April 15, 2020, 20:11 GMT",2020-04-15 16:12:02.995180
Palestine,308,,2 ,,62,244,,"17,329",Asia,"April 15, 2020, 20:11 GMT",2020-04-15 16:12:02.995180
Georgia,306,+6,3 ,,71,232,6,"5,027",Asia,"April 15, 2020, 20:11 GMT",2020-04-15 16:12:02.995180
Montenegro,288,+5,4 ,,55,229,7,"3,874",Europe,"April 15, 2020, 20:11 GMT",2020-04-15 16:12:02.995180
Vietnam,267,+1, ,,171,96,8,"135,938",Asia,"April 15, 2020, 20:11 GMT",2020-04-15 16:12:02.995180
Isle of Man,256,+2,4 ,+2,151,101,13,"2,175",Europe,"April 15, 2020, 20:11 GMT",2020-04-15 16:12:02.995180
DRC,254,+13,21 ,+1,21,212,,,Africa,"April 15, 2020, 20:11 GMT",2020-04-15 16:12:02.995180
Sri Lanka,238,+5,7 ,,63,168,1,"4,768",Asia,"April 15, 2020, 20:11 GMT",2020-04-15 16:12:02.995180
Kenya,225,+9,10 ,+1,53,162,2,"9,630",Africa,"April 15, 2020, 20:11 GMT",2020-04-15 16:12:02.995180
Mayotte,217,,3 ,,69,145,3,"1,500",Africa,"April 15, 2020, 20:11 GMT",2020-04-15 16:12:02.995180
Venezuela,197,+8,9 ,,111,77,6,"225,009",South America,"April 15, 2020, 20:11 GMT",2020-04-15 16:12:02.995180
Faeroe Islands,184,, ,,166,18,,"5,677",Europe,"April 15, 2020, 20:11 GMT",2020-04-15 16:12:02.995180
Guatemala,180,+13,5 ,,19,156,3,"1,134",North America,"April 15, 2020, 20:11 GMT",2020-04-15 16:12:02.995180
Paraguay,161,+2,8 ,+1,23,130,1,"3,888",South America,"April 15, 2020, 20:11 GMT",2020-04-15 16:12:02.995180
El Salvador,159,+10,6 ,,30,123,2,"7,785",North America,"April 15, 2020, 20:11 GMT",2020-04-15 16:12:02.995180
Martinique,158,+1,8 ,+2,73,77,17,,North America,"April 15, 2020, 20:11 GMT",2020-04-15 16:12:02.995180
Mali,148,+4,13 ,,34,101,,,Africa,"April 15, 2020, 20:11 GMT",2020-04-15 16:12:02.995180
Guadeloupe,145,,8 ,,67,70,13,,North America,"April 15, 2020, 20:11 GMT",2020-04-15 16:12:02.995180
Brunei ,136,,1 ,,108,27,2,"10,579",Asia,"April 15, 2020, 20:11 GMT",2020-04-15 16:12:02.995180
Rwanda,136,+2, ,,54,82,,"6,237",Africa,"April 15, 2020, 20:11 GMT",2020-04-15 16:12:02.995180
Gibraltar,131,+2, ,,104,27,1,"1,649",Europe,"April 15, 2020, 20:11 GMT",2020-04-15 16:12:02.995180
Cambodia,122,, ,,96,26,1,"5,768",Asia,"April 15, 2020, 20:11 GMT",2020-04-15 16:12:02.995180
Congo,117,+43,5 ,,11,101,,,Africa,"April 15, 2020, 20:11 GMT",2020-04-15 16:12:02.995180
Trinidad and Tobago,114,+1,8 ,,19,87,,"1,282",North America,"April 15, 2020, 20:11 GMT",2020-04-15 16:12:02.995180
Madagascar,110,+2, ,,29,81,1,,Africa,"April 15, 2020, 20:11 GMT",2020-04-15 16:12:02.995180
Jamaica,105,,5 ,+1,21,79,,"1,290",North America,"April 15, 2020, 20:11 GMT",2020-04-15 16:12:02.995180
Monaco,93,,3 ,+2,12,78,2,,Europe,"April 15, 2020, 20:11 GMT",2020-04-15 16:12:02.995180
Aruba,93,+1,1 ,+1,39,53,1,"1,198",North America,"April 15, 2020, 20:11 GMT",2020-04-15 16:12:02.995180
Tanzania,88,+35,4 ,+1,11,73,,,Africa,"April 15, 2020, 20:11 GMT",2020-04-15 16:12:02.995180
French Guiana,86,, ,,51,35,1,,South America,"April 15, 2020, 20:11 GMT",2020-04-15 16:12:02.995180
Ethiopia,85,+3,3 ,,15,67,,"4,988",Africa,"April 15, 2020, 20:11 GMT",2020-04-15 16:12:02.995180
Togo,81,+4,3 ,,35,43,,"3,036",Africa,"April 15, 2020, 20:11 GMT",2020-04-15 16:12:02.995180
Somalia,80,+20,5 ,+3,2,73,2,,Africa,"April 15, 2020, 20:11 GMT",2020-04-15 16:12:02.995180
Gabon,80,+23,1 ,,4,75,,,Africa,"April 15, 2020, 20:11 GMT",2020-04-15 16:12:02.995180
Liechtenstein,79,,1 ,,55,23,,900,Europe,"April 15, 2020, 20:11 GMT",2020-04-15 16:12:02.995180
Myanmar,74,+11,4 ,,2,68,,"2,836",Asia,"April 15, 2020, 20:11 GMT",2020-04-15 16:12:02.995180
Barbados,73,,5 ,,15,53,4,864,North America,"April 15, 2020, 20:11 GMT",2020-04-15 16:12:02.995180
Liberia,59,,6 ,,4,49,,,Africa,"April 15, 2020, 20:11 GMT",2020-04-15 16:12:02.995180
Bermuda,57,,5 ,,30,22,3,416,North America,"April 15, 2020, 20:11 GMT",2020-04-15 16:12:02.995180
Cabo Verde,56,+45,1 ,,1,54,,,Africa,"April 15, 2020, 20:11 GMT",2020-04-15 16:12:02.995180
French Polynesia,55,, ,,,55,1,920,Australia/Oceania,"April 15, 2020, 20:11 GMT",2020-04-15 16:12:02.995180
Uganda,55,, ,,12,43,,"6,661",Africa,"April 15, 2020, 20:11 GMT",2020-04-15 16:12:02.995180
Cayman Islands,54,,1 ,,6,47,3,580,North America,"April 15, 2020, 20:11 GMT",2020-04-15 16:12:02.995180
Sint Maarten,53,+1,9 ,,5,39,2,157,North America,"April 15, 2020, 20:11 GMT",2020-04-15 16:12:02.995180
Equatorial Guinea,51,+10, ,,4,47,,854,Africa,"April 15, 2020, 20:11 GMT",2020-04-15 16:12:02.995180
Bahamas,49,,8 ,,6,35,1,,North America,"April 15, 2020, 20:11 GMT",2020-04-15 16:12:02.995180
Guyana,48,+1,6 ,,8,34,5,213,South America,"April 15, 2020, 20:11 GMT",2020-04-15 16:12:02.995180
Zambia,48,+3,2 ,,30,16,1,"1,696",Africa,"April 15, 2020, 20:11 GMT",2020-04-15 16:12:02.995180
Macao,45,, ,,15,30,1,,Asia,"April 15, 2020, 20:11 GMT",2020-04-15 16:12:02.995180
Guinea-Bissau,43,, ,,,43,,"1,500",Africa,"April 15, 2020, 20:11 GMT",2020-04-15 16:12:02.995180
Haiti,41,+1,3 ,,,38,,365,North America,"April 15, 2020, 20:11 GMT",2020-04-15 16:12:02.995180
Saint Martin,35,+3,2 ,,13,20,5,,North America,"April 15, 2020, 20:11 GMT",2020-04-15 16:12:02.995180
Benin,35,,1 ,,18,16,,,Africa,"April 15, 2020, 20:11 GMT",2020-04-15 16:12:02.995180
Libya,35,,1 ,,9,25,,570,Africa,"April 15, 2020, 20:11 GMT",2020-04-15 16:12:02.995180
Eritrea,35,, ,,,35,,,Africa,"April 15, 2020, 20:11 GMT",2020-04-15 16:12:02.995180
Syria,33,+4,2 ,,5,26,,,Asia,"April 15, 2020, 20:11 GMT",2020-04-15 16:12:02.995180
Sudan,32,,5 ,,4,23,,,Africa,"April 15, 2020, 20:11 GMT",2020-04-15 16:12:02.995180
Mongolia,30,, ,,5,25,,"1,000",Asia,"April 15, 2020, 20:11 GMT",2020-04-15 16:12:02.995180
Mozambique,29,+1, ,,2,27,,793,Africa,"April 15, 2020, 20:11 GMT",2020-04-15 16:12:02.995180
Antigua and Barbuda,23,,2 ,,3,18,1,73,North America,"April 15, 2020, 20:11 GMT",2020-04-15 16:12:02.995180
Chad,23,, ,,2,21,,,Africa,"April 15, 2020, 20:11 GMT",2020-04-15 16:12:02.995180
Maldives,22,+2, ,,16,6,,"2,899",Asia,"April 15, 2020, 20:11 GMT",2020-04-15 16:12:02.995180
Angola,19,,2 ,,5,12,,,Africa,"April 15, 2020, 20:11 GMT",2020-04-15 16:12:02.995180
Laos,19,, ,,1,18,,"1,235",Asia,"April 15, 2020, 20:11 GMT",2020-04-15 16:12:02.995180
Zimbabwe,18,+1,3 ,,1,14,,665,Africa,"April 15, 2020, 20:11 GMT",2020-04-15 16:12:02.995180
Belize,18,,2 ,,,16,1,567,North America,"April 15, 2020, 20:11 GMT",2020-04-15 16:12:02.995180
New Caledonia,18,, ,,1,17,,"2,608",Australia/Oceania,"April 15, 2020, 20:11 GMT",2020-04-15 16:12:02.995180
Malawi,16,,2 ,,,14,1,343,Africa,"April 15, 2020, 20:11 GMT",2020-04-15 16:12:02.995180
Nepal,16,, ,,1,15,,"6,299",Asia,"April 15, 2020, 20:11 GMT",2020-04-15 16:12:02.995180
Dominica,16,, ,,8,8,,345,North America,"April 15, 2020, 20:11 GMT",2020-04-15 16:12:02.995180
Fiji,16,, ,,,16,,,Australia/Oceania,"April 15, 2020, 20:11 GMT",2020-04-15 16:12:02.995180
Namibia,16,, ,,3,13,,362,Africa,"April 15, 2020, 20:11 GMT",2020-04-15 16:12:02.995180
Saint Lucia,15,, ,,11,4,,319,North America,"April 15, 2020, 20:11 GMT",2020-04-15 16:12:02.995180
Eswatini,15,, ,,8,7,,714,Africa,"April 15, 2020, 20:11 GMT",2020-04-15 16:12:02.995180
Curaao,14,,1 ,,10,3,,230,North America,"April 15, 2020, 20:11 GMT",2020-04-15 16:12:02.995180
Grenada,14,, ,,,14,2,92,North America,"April 15, 2020, 20:11 GMT",2020-04-15 16:12:02.995180
Saint Kitts and Nevis,14,, ,,,14,,234,North America,"April 15, 2020, 20:11 GMT",2020-04-15 16:12:02.995180
Botswana,13,,1 ,,,12,,"3,115",Africa,"April 15, 2020, 20:11 GMT",2020-04-15 16:12:02.995180
Sierra Leone,13,+2, ,,,13,,,Africa,"April 15, 2020, 20:11 GMT",2020-04-15 16:12:02.995180
CAR,12,+1, ,,4,8,,,Africa,"April 15, 2020, 20:11 GMT",2020-04-15 16:12:02.995180
St. Vincent Grenadines,12,, ,,1,11,,87,North America,"April 15, 2020, 20:11 GMT",2020-04-15 16:12:02.995180
Falkland Islands,11,, ,,1,10,,137,South America,"April 15, 2020, 20:11 GMT",2020-04-15 16:12:02.995180
Greenland,11,, ,,11,0,,912,North America,"April 15, 2020, 20:11 GMT",2020-04-15 16:12:02.995180
Montserrat,11,, ,,1,10,1,36,North America,"April 15, 2020, 20:11 GMT",2020-04-15 16:12:02.995180
Seychelles,11,, ,,,11,,,Africa,"April 15, 2020, 20:11 GMT",2020-04-15 16:12:02.995180
Suriname,10,,1 ,,6,3,,,South America,"April 15, 2020, 20:11 GMT",2020-04-15 16:12:02.995180
Turks and Caicos,10,,1 ,,,9,,71,North America,"April 15, 2020, 20:11 GMT",2020-04-15 16:12:02.995180
MS Zaandam,9,,2 ,,,7,,,,"April 15, 2020, 20:11 GMT",2020-04-15 16:12:02.995180
Gambia,9,,1 ,,2,6,,281,Africa,"April 15, 2020, 20:11 GMT",2020-04-15 16:12:02.995180
Nicaragua,9,,1 ,,4,4,,,North America,"April 15, 2020, 20:11 GMT",2020-04-15 16:12:02.995180
Vatican City,8,, ,,2,6,,,Europe,"April 15, 2020, 20:11 GMT",2020-04-15 16:12:02.995180
Timor-Leste,8,+2, ,,1,7,,,Asia,"April 15, 2020, 20:11 GMT",2020-04-15 16:12:02.995180
Mauritania,7,,1 ,,2,4,,593,Africa,"April 15, 2020, 20:11 GMT",2020-04-15 16:12:02.995180
St. Barth,6,, ,,4,2,,,North America,"April 15, 2020, 20:11 GMT",2020-04-15 16:12:02.995180
Western Sahara,6,, ,,,6,,,Africa,"April 15, 2020, 20:11 GMT",2020-04-15 16:12:02.995180
Burundi,5,,1 ,,,4,,,Africa,"April 15, 2020, 20:11 GMT",2020-04-15 16:12:02.995180
Bhutan,5,, ,,2,3,,"1,166",Asia,"April 15, 2020, 20:11 GMT",2020-04-15 16:12:02.995180
Sao Tome and Principe,4,, ,,,4,,19,Africa,"April 15, 2020, 20:11 GMT",2020-04-15 16:12:02.995180
South Sudan,4,, ,,,4,,,Africa,"April 15, 2020, 20:11 GMT",2020-04-15 16:12:02.995180
Anguilla,3,, ,,1,2,,,North America,"April 15, 2020, 20:11 GMT",2020-04-15 16:12:02.995180
British Virgin Islands,3,, ,,2,1,,,North America,"April 15, 2020, 20:11 GMT",2020-04-15 16:12:02.995180
Caribbean Netherlands,3,, ,,,3,,10,North America,"April 15, 2020, 20:11 GMT",2020-04-15 16:12:02.995180
Papua New Guinea,2,, ,,,2,,72,Australia/Oceania,"April 15, 2020, 20:11 GMT",2020-04-15 16:12:02.995180
Saint Pierre Miquelon,1,, ,,,1,,,North America,"April 15, 2020, 20:11 GMT",2020-04-15 16:12:02.995180
Yemen,1,, ,,,1,,,Asia,"April 15, 2020, 20:11 GMT",2020-04-15 16:12:02.995180
China,"82,295",+46,"3,342 ",+1,"77,816","1,137",113,,Asia,"April 15, 2020, 20:11 GMT",2020-04-15 16:12:02.995180
